prot_id,trial_id,noise_present,no_targets,trajectory_id
9,801,noise,2,500
9,802,no_noise,1,561
9,803,noise,2,748
9,804,noise,1,469
9,805,noise,4,653
9,806,no_noise,4,489
9,807,noise,2,14
9,808,noise,1,507
9,809,no_noise,2,716
9,810,noise,1,700
9,811,noise,1,437
9,812,no_noise,4,849
9,813,no_noise,1,59
9,814,no_noise,2,520
9,815,noise,1,291
9,816,no_noise,4,117
9,817,no_noise,2,449
9,818,no_noise,1,806
9,819,noise,2,116
9,820,no_noise,4,422
9,821,no_noise,2,134
9,822,noise,1,830
9,823,noise,1,269
9,824,no_noise,1,392
9,825,noise,1,755
9,826,noise,4,176
9,827,noise,4,461
9,828,noise,1,271
9,829,noise,1,377
9,830,noise,2,30
9,831,noise,1,533
9,832,no_noise,4,113
9,833,noise,2,690
9,834,noise,1,253
9,835,noise,4,385
9,836,noise,1,871
9,837,no_noise,2,97
9,838,no_noise,1,279
9,839,no_noise,2,759
9,840,no_noise,2,125
9,841,noise,1,635
9,842,noise,1,839
9,843,noise,2,911
9,844,no_noise,4,106
9,845,no_noise,2,403
9,846,noise,1,140
9,847,noise,1,250
9,848,noise,2,624
9,849,noise,1,579
9,850,noise,2,357
9,851,no_noise,4,882
9,852,no_noise,4,443
9,853,noise,2,903
9,854,noise,2,424
9,855,noise,4,648
9,856,no_noise,4,528
9,857,no_noise,1,808
9,858,noise,2,9
9,859,no_noise,2,301
9,860,no_noise,1,182
9,861,noise,2,405
9,862,noise,4,802
9,863,noise,4,466
9,864,no_noise,4,584
9,865,no_noise,1,777
9,866,noise,2,371
9,867,noise,4,731
9,868,noise,1,452
9,869,noise,4,650
9,870,no_noise,4,446
9,871,noise,2,497
9,872,noise,1,274
9,873,no_noise,1,850
9,874,no_noise,1,649
9,875,no_noise,2,557
9,876,no_noise,4,828
9,877,noise,4,793
9,878,no_noise,4,294
9,879,no_noise,1,139
9,880,noise,1,243
9,881,noise,2,812
9,882,no_noise,4,843
9,883,no_noise,1,435
9,884,no_noise,2,606
9,885,noise,4,513
9,886,noise,4,27
9,887,no_noise,1,313
9,888,noise,1,703
9,889,noise,4,757
9,890,no_noise,1,585
9,891,no_noise,4,442
9,892,no_noise,2,49
9,893,no_noise,4,905
9,894,noise,2,118
9,895,no_noise,4,123
9,896,noise,4,410
9,897,no_noise,1,115
9,898,noise,1,711
9,899,noise,4,897
9,900,no_noise,4,797
