prot_id,trial_id,noise_present,no_targets,trajectory_id
2,101,noise,1,35
2,102,no_noise,1,699
2,103,no_noise,1,534
2,104,noise,4,687
2,105,no_noise,2,246
2,106,no_noise,4,15
2,107,noise,2,299
2,108,no_noise,4,316
2,109,noise,4,732
2,110,noise,1,889
2,111,no_noise,4,754
2,112,noise,1,476
2,113,no_noise,4,542
2,114,no_noise,1,788
2,115,noise,4,901
2,116,no_noise,2,627
2,117,noise,1,708
2,118,noise,4,634
2,119,noise,4,373
2,120,noise,4,855
2,121,no_noise,1,685
2,122,no_noise,2,235
2,123,noise,2,78
2,124,no_noise,2,245
2,125,no_noise,1,907
2,126,noise,2,327
2,127,noise,1,157
2,128,noise,4,32
2,129,noise,4,52
2,130,no_noise,4,833
2,131,no_noise,1,809
2,132,noise,1,709
2,133,noise,4,343
2,134,no_noise,4,262
2,135,noise,4,45
2,136,no_noise,2,813
2,137,no_noise,1,51
2,138,noise,1,309
2,139,no_noise,4,338
2,140,no_noise,1,102
2,141,no_noise,1,692
2,142,no_noise,2,473
2,143,noise,2,89
2,144,no_noise,1,407
2,145,noise,2,655
2,146,no_noise,1,791
2,147,no_noise,2,388
2,148,no_noise,4,165
2,149,noise,2,684
2,150,no_noise,1,295
2,151,no_noise,4,590
2,152,noise,1,852
2,153,noise,2,208
2,154,no_noise,1,354
2,155,no_noise,1,555
2,156,noise,2,892
2,157,no_noise,2,764
2,158,noise,4,150
2,159,noise,1,12
2,160,no_noise,2,186
2,161,no_noise,1,718
2,162,no_noise,2,95
2,163,no_noise,1,468
2,164,no_noise,4,101
2,165,no_noise,2,270
2,166,noise,2,177
2,167,no_noise,1,11
2,168,no_noise,1,148
2,169,noise,2,455
2,170,noise,4,361
2,171,no_noise,2,10
2,172,no_noise,4,818
2,173,noise,4,244
2,174,no_noise,1,216
2,175,noise,4,530
2,176,noise,1,646
2,177,no_noise,4,782
2,178,noise,2,868
2,179,no_noise,4,210
2,180,no_noise,1,785
2,181,no_noise,1,770
2,182,no_noise,4,742
2,183,no_noise,2,345
2,184,noise,1,364
2,185,noise,1,38
2,186,noise,4,264
2,187,noise,4,853
2,188,noise,2,746
2,189,noise,2,827
2,190,no_noise,4,75
2,191,noise,4,355
2,192,noise,1,483
2,193,no_noise,2,564
2,194,no_noise,4,798
2,195,no_noise,2,318
2,196,no_noise,1,7
2,197,no_noise,2,644
2,198,noise,4,504
2,199,no_noise,4,58
2,200,noise,4,525
