prot_id,trial_id,noise_present,no_targets,trajectory_id
6,501,no_noise,4,834
6,502,noise,4,835
6,503,no_noise,2,502
6,504,noise,4,418
6,505,noise,2,909
6,506,no_noise,1,420
6,507,noise,1,48
6,508,no_noise,1,145
6,509,noise,2,71
6,510,no_noise,2,360
6,511,noise,1,209
6,512,noise,2,119
6,513,noise,2,847
6,514,noise,1,248
6,515,noise,2,776
6,516,no_noise,1,886
6,517,noise,1,238
6,518,noise,4,618
6,519,no_noise,2,43
6,520,noise,1,367
6,521,noise,2,479
6,522,noise,2,752
6,523,noise,2,401
6,524,noise,1,622
6,525,noise,4,568
6,526,no_noise,1,178
6,527,noise,4,577
6,528,noise,4,761
6,529,no_noise,2,280
6,530,no_noise,1,133
6,531,no_noise,4,146
6,532,noise,4,205
6,533,no_noise,1,874
6,534,noise,1,344
6,535,no_noise,1,197
6,536,no_noise,4,487
6,537,no_noise,2,894
6,538,no_noise,1,844
6,539,no_noise,2,744
6,540,no_noise,2,898
6,541,no_noise,1,187
6,542,noise,2,803
6,543,no_noise,4,800
6,544,noise,1,560
6,545,noise,2,188
6,546,no_noise,2,189
6,547,noise,2,499
6,548,noise,1,860
6,549,noise,4,613
6,550,noise,2,517
6,551,noise,4,427
6,552,noise,4,272
6,553,noise,1,537
6,554,no_noise,1,467
6,555,no_noise,2,737
6,556,noise,4,247
6,557,noise,4,128
6,558,no_noise,4,666
6,559,noise,2,836
6,560,no_noise,1,837
6,561,noise,4,394
6,562,no_noise,4,399
6,563,noise,4,326
6,564,no_noise,2,107
6,565,noise,4,503
6,566,no_noise,4,549
6,567,no_noise,2,105
6,568,no_noise,4,191
6,569,noise,2,465
6,570,noise,1,545
6,571,no_noise,4,232
6,572,noise,2,751
6,573,no_noise,1,730
6,574,noise,2,346
6,575,noise,1,389
6,576,no_noise,2,594
6,577,noise,4,866
6,578,no_noise,1,92
6,579,no_noise,2,445
6,580,no_noise,1,611
6,581,noise,4,552
6,582,no_noise,1,130
6,583,noise,4,135
6,584,noise,4,610
6,585,noise,4,323
6,586,no_noise,4,501
6,587,noise,1,524
6,588,no_noise,2,289
6,589,no_noise,4,696
6,590,no_noise,2,458
6,591,noise,4,822
6,592,no_noise,1,112
6,593,no_noise,4,328
6,594,no_noise,2,567
6,595,noise,1,91
6,596,noise,4,306
6,597,noise,4,196
6,598,noise,1,861
6,599,noise,4,46
6,600,noise,1,85
