prot_id,trial_id,noise_present,no_targets,trajectory_id
7,601,noise,2,230
7,602,no_noise,2,375
7,603,noise,1,558
7,604,no_noise,1,745
7,605,no_noise,1,265
7,606,no_noise,2,285
7,607,no_noise,1,317
7,608,no_noise,1,129
7,609,no_noise,2,683
7,610,no_noise,2,347
7,611,noise,4,194
7,612,noise,1,432
7,613,no_noise,4,290
7,614,noise,2,554
7,615,no_noise,2,239
7,616,no_noise,4,37
7,617,no_noise,1,574
7,618,no_noise,4,454
7,619,noise,1,482
7,620,noise,2,397
7,621,noise,4,588
7,622,no_noise,2,349
7,623,no_noise,1,669
7,624,noise,2,251
7,625,no_noise,2,597
7,626,noise,4,881
7,627,no_noise,1,226
7,628,noise,1,902
7,629,no_noise,1,381
7,630,no_noise,2,682
7,631,noise,2,457
7,632,no_noise,4,109
7,633,no_noise,1,100
7,634,noise,1,865
7,635,noise,1,804
7,636,noise,4,114
7,637,no_noise,1,707
7,638,no_noise,4,688
7,639,no_noise,2,779
7,640,noise,1,179
7,641,noise,1,16
7,642,no_noise,1,266
7,643,noise,4,44
7,644,no_noise,2,225
7,645,no_noise,4,698
7,646,noise,1,845
7,647,noise,1,228
7,648,no_noise,2,899
7,649,no_noise,4,351
7,650,noise,4,671
7,651,no_noise,2,583
7,652,no_noise,2,72
7,653,noise,4,775
7,654,no_noise,4,198
7,655,no_noise,2,153
7,656,no_noise,2,714
7,657,no_noise,1,122
7,658,no_noise,1,304
7,659,noise,2,575
7,660,noise,1,647
7,661,noise,1,70
7,662,noise,1,277
7,663,no_noise,2,519
7,664,no_noise,1,538
7,665,no_noise,1,450
7,666,noise,2,480
7,667,noise,4,727
7,668,no_noise,4,883
7,669,no_noise,4,314
7,670,no_noise,4,723
7,671,no_noise,1,824
7,672,noise,4,308
7,673,no_noise,2,103
7,674,no_noise,2,321
7,675,no_noise,1,408
7,676,noise,2,56
7,677,no_noise,2,74
7,678,no_noise,4,478
7,679,noise,2,603
7,680,no_noise,1,336
7,681,no_noise,1,256
7,682,noise,2,486
7,683,noise,2,61
7,684,no_noise,4,127
7,685,noise,1,615
7,686,noise,2,878
7,687,no_noise,2,733
7,688,no_noise,4,506
7,689,no_noise,4,632
7,690,noise,2,522
7,691,noise,2,526
7,692,no_noise,2,652
7,693,no_noise,1,758
7,694,noise,4,617
7,695,noise,2,335
7,696,noise,4,780
7,697,noise,2,80
7,698,no_noise,2,518
7,699,no_noise,4,686
7,700,noise,2,448
