prot_id,trial_id,noise_present,no_targets,trajectory_id
8,701,noise,2,725
8,702,noise,4,175
8,703,noise,4,657
8,704,noise,1,325
8,705,no_noise,4,531
8,706,noise,2,642
8,707,noise,2,488
8,708,no_noise,1,13
8,709,noise,1,580
8,710,no_noise,2,593
8,711,noise,2,674
8,712,no_noise,1,94
8,713,no_noise,2,784
8,714,noise,2,602
8,715,noise,2,22
8,716,noise,2,706
8,717,no_noise,4,53
8,718,noise,4,553
8,719,noise,2,67
8,720,no_noise,4,68
8,721,no_noise,4,159
8,722,noise,4,496
8,723,noise,2,470
8,724,noise,1,677
8,725,noise,4,620
8,726,no_noise,2,540
8,727,noise,1,794
8,728,noise,2,376
8,729,noise,4,631
8,730,noise,4,322
8,731,no_noise,1,307
8,732,no_noise,1,433
8,733,noise,2,199
8,734,noise,4,19
8,735,noise,4,90
8,736,no_noise,1,576
8,737,no_noise,2,659
8,738,no_noise,2,200
8,739,no_noise,4,40
8,740,no_noise,2,415
8,741,no_noise,1,623
8,742,no_noise,4,766
8,743,no_noise,4,728
8,744,noise,4,330
8,745,no_noise,1,416
8,746,no_noise,2,792
8,747,no_noise,1,870
8,748,noise,2,544
8,749,noise,1,393
8,750,no_noise,4,710
8,751,noise,2,363
8,752,no_noise,2,152
8,753,noise,1,640
8,754,no_noise,4,676
8,755,no_noise,1,508
8,756,no_noise,2,218
8,757,noise,4,368
8,758,noise,2,741
8,759,noise,4,63
8,760,noise,1,481
8,761,no_noise,2,184
8,762,noise,4,556
8,763,noise,1,444
8,764,noise,2,515
8,765,no_noise,4,491
8,766,no_noise,1,747
8,767,no_noise,1,212
8,768,no_noise,4,28
8,769,no_noise,2,817
8,770,no_noise,4,31
8,771,noise,1,753
8,772,no_noise,2,595
8,773,noise,1,206
8,774,noise,4,712
8,775,noise,2,166
8,776,noise,2,21
8,777,no_noise,1,111
8,778,no_noise,1,505
8,779,no_noise,1,131
8,780,no_noise,2,605
8,781,noise,2,137
8,782,no_noise,4,47
8,783,noise,4,740
8,784,no_noise,2,902
8,785,noise,4,342
8,786,no_noise,2,904
8,787,noise,2,511
8,788,noise,4,774
8,789,no_noise,1,598
8,790,no_noise,4,319
8,791,noise,1,888
8,792,no_noise,4,174
8,793,no_noise,2,771
8,794,no_noise,4,582
8,795,noise,4,887
8,796,no_noise,1,811
8,797,noise,1,374
8,798,no_noise,1,387
8,799,no_noise,2,154
8,800,no_noise,2,523
