prot_id,trial_id,noise_present,no_targets,trajectory_id
3,201,noise,2,910
3,202,noise,1,400
3,203,noise,4,298
3,204,noise,2,398
3,205,noise,2,261
3,206,no_noise,4,55
3,207,no_noise,2,485
3,208,noise,4,717
3,209,noise,2,786
3,210,no_noise,1,768
3,211,no_noise,4,891
3,212,noise,1,227
3,213,noise,1,386
3,214,noise,4,769
3,215,no_noise,4,739
3,216,no_noise,1,77
3,217,noise,1,903
3,218,no_noise,4,464
3,219,no_noise,4,379
3,220,no_noise,4,409
3,221,no_noise,4,628
3,222,noise,2,441
3,223,noise,1,369
3,224,no_noise,2,570
3,225,no_noise,4,171
3,226,noise,1,372
3,227,noise,2,24
3,228,noise,1,781
3,229,no_noise,1,430
3,230,no_noise,4,689
3,231,no_noise,2,352
3,232,noise,2,536
3,233,noise,4,459
3,234,noise,2,896
3,235,no_noise,4,204
3,236,noise,4,60
3,237,noise,1,79
3,238,noise,1,284
3,239,noise,1,901
3,240,noise,4,181
3,241,no_noise,2,120
3,242,noise,1,404
3,243,no_noise,1,547
3,244,noise,2,668
3,245,no_noise,1,471
3,246,no_noise,4,242
3,247,no_noise,4,185
3,248,noise,1,275
3,249,noise,4,82
3,250,no_noise,4,98
3,251,noise,4,906
3,252,no_noise,1,498
3,253,noise,1,273
3,254,no_noise,4,25
3,255,no_noise,2,858
3,256,no_noise,2,69
3,257,no_noise,4,362
3,258,noise,2,905
3,259,noise,4,161
3,260,no_noise,1,721
3,261,noise,1,258
3,262,no_noise,4,396
3,263,no_noise,1,234
3,264,no_noise,2,512
3,265,no_noise,1,821
3,266,no_noise,1,884
3,267,noise,1,202
3,268,no_noise,1,395
3,269,noise,1,630
3,270,noise,2,743
3,271,noise,1,257
3,272,noise,4,625
3,273,noise,4,143
3,274,no_noise,1,724
3,275,no_noise,4,900
3,276,noise,2,578
3,277,noise,4,695
3,278,noise,2,23
3,279,noise,4,451
3,280,noise,2,559
3,281,no_noise,2,807
3,282,no_noise,2,783
3,283,noise,2,697
3,284,noise,4,516
3,285,noise,2,859
3,286,noise,2,654
3,287,no_noise,1,207
3,288,noise,2,908
3,289,no_noise,1,350
3,290,no_noise,4,851
3,291,noise,2,551
3,292,no_noise,2,254
3,293,no_noise,2,629
3,294,no_noise,2,462
3,295,no_noise,4,675
3,296,no_noise,1,108
3,297,noise,1,825
3,298,noise,2,365
3,299,noise,4,402
3,300,noise,1,495
