prot_id,trial_id,noise_present,no_targets,trajectory_id
1,1,no_noise,1,864
1,2,noise,4,406
1,3,no_noise,1,8
1,4,noise,2,680
1,5,no_noise,4,84
1,6,noise,1,164
1,7,noise,1,162
1,8,no_noise,4,221
1,9,noise,1,704
1,10,noise,1,292
1,11,no_noise,4,735
1,12,no_noise,1,429
1,13,noise,2,332
1,14,no_noise,4,713
1,15,no_noise,2,436
1,16,no_noise,2,705
1,17,noise,1,121
1,18,no_noise,1,756
1,19,noise,4,566
1,20,noise,2,656
1,21,noise,1,546
1,22,noise,1,722
1,23,no_noise,2,760
1,24,noise,4,841
1,25,no_noise,2,391
1,26,no_noise,2,50
1,27,noise,2,439
1,28,noise,1,167
1,29,no_noise,1,170
1,30,noise,4,890
1,31,noise,2,341
1,32,noise,2,83
1,33,noise,4,180
1,34,no_noise,1,612
1,35,no_noise,2,637
1,36,noise,1,664
1,37,no_noise,1,440
1,38,noise,4,621
1,39,no_noise,4,288
1,40,no_noise,4,426
1,41,noise,4,810
1,42,noise,2,62
1,43,no_noise,1,831
1,44,noise,2,521
1,45,no_noise,4,223
1,46,noise,1,529
1,47,noise,1,57
1,48,noise,4,790
1,49,noise,4,17
1,50,no_noise,4,236
1,51,no_noise,2,358
1,52,noise,1,229
1,53,no_noise,4,619
1,54,no_noise,1,151
1,55,no_noise,4,651
1,56,no_noise,4,633
1,57,noise,2,876
1,58,no_noise,4,249
1,59,no_noise,2,614
1,60,noise,2,324
1,61,noise,2,425
1,62,no_noise,1,609
1,63,noise,4,453
1,64,no_noise,4,607
1,65,no_noise,1,149
1,66,no_noise,2,641
1,67,no_noise,4,297
1,68,noise,1,548
1,69,noise,2,168
1,70,noise,4,587
1,71,noise,1,136
1,72,no_noise,1,214
1,73,no_noise,1,494
1,74,noise,4,541
1,75,noise,2,477
1,76,noise,2,734
1,77,no_noise,2,795
1,78,no_noise,2,281
1,79,noise,4,729
1,80,noise,1,217
1,81,no_noise,1,203
1,82,no_noise,1,691
1,83,no_noise,2,726
1,84,noise,2,493
1,85,noise,2,550
1,86,no_noise,4,54
1,87,noise,2,789
1,88,noise,1,672
1,89,noise,2,41
1,90,noise,1,573
1,91,noise,2,421
1,92,no_noise,4,158
1,93,noise,2,535
1,94,no_noise,1,333
1,95,no_noise,2,447
1,96,no_noise,1,846
1,97,no_noise,1,192
1,98,no_noise,2,787
1,99,no_noise,4,645
1,100,no_noise,4,543
