prot_id,trial_id,noise_present,no_targets,trajectory_id
5,401,no_noise,1,738
5,402,no_noise,4,862
5,403,noise,1,259
5,404,noise,1,87
5,405,no_noise,2,572
5,406,noise,4,42
5,407,no_noise,1,565
5,408,no_noise,1,895
5,409,noise,4,255
5,410,noise,2,65
5,411,noise,1,532
5,412,noise,4,638
5,413,noise,4,820
5,414,noise,2,589
5,415,noise,2,819
5,416,noise,1,303
5,417,noise,4,816
5,418,no_noise,4,673
5,419,no_noise,2,670
5,420,noise,4,311
5,421,no_noise,2,636
5,422,no_noise,1,626
5,423,no_noise,4,88
5,424,noise,1,763
5,425,noise,2,339
5,426,no_noise,2,370
5,427,noise,1,667
5,428,no_noise,4,99
5,429,noise,2,240
5,430,no_noise,4,571
5,431,noise,2,278
5,432,noise,1,842
5,433,noise,2,353
5,434,noise,2,156
5,435,noise,1,142
5,436,noise,2,679
5,437,no_noise,2,460
5,438,noise,1,220
5,439,no_noise,2,492
5,440,noise,1,569
5,441,noise,2,592
5,442,no_noise,2,823
5,443,no_noise,2,514
5,444,no_noise,1,431
5,445,no_noise,2,885
5,446,no_noise,4,832
5,447,no_noise,1,29
5,448,noise,1,484
5,449,no_noise,4,320
5,450,no_noise,4,586
5,451,noise,1,877
5,452,noise,4,287
5,453,noise,4,300
5,454,no_noise,2,893
5,455,noise,1,172
5,456,noise,4,509
5,457,noise,1,215
5,458,no_noise,2,378
5,459,no_noise,1,527
5,460,no_noise,2,601
5,461,no_noise,2,772
5,462,noise,4,591
5,463,noise,1,417
5,464,noise,2,132
5,465,noise,1,237
5,466,noise,4,337
5,467,noise,4,155
5,468,noise,4,359
5,469,noise,2,456
5,470,noise,1,334
5,471,noise,4,848
5,472,noise,1,694
5,473,no_noise,1,356
5,474,noise,4,340
5,475,no_noise,2,414
5,476,noise,2,141
5,477,no_noise,1,201
5,478,no_noise,2,423
5,479,no_noise,4,873
5,480,no_noise,4,213
5,481,no_noise,2,904
5,482,noise,4,93
5,483,noise,4,383
5,484,no_noise,4,778
5,485,no_noise,2,33
5,486,no_noise,1,608
5,487,noise,4,604
5,488,noise,2,472
5,489,noise,4,231
5,490,noise,1,348
5,491,no_noise,4,562
5,492,no_noise,2,639
5,493,no_noise,4,384
5,494,no_noise,4,875
5,495,no_noise,4,719
5,496,no_noise,4,872
5,497,noise,4,854
5,498,no_noise,2,163
5,499,noise,4,190
5,500,noise,1,252
