prot_id,trial_id,noise_present,no_targets,trajectory_id
4,301,no_noise,4,86
4,302,noise,2,233
4,303,no_noise,2,539
4,304,no_noise,1,34
4,305,no_noise,4,867
4,306,no_noise,2,160
4,307,noise,1,96
4,308,no_noise,1,283
4,309,no_noise,2,382
4,310,no_noise,1,18
4,311,noise,1,762
4,312,no_noise,1,147
4,313,no_noise,1,616
4,314,no_noise,2,815
4,315,noise,4,801
4,316,no_noise,2,856
4,317,no_noise,2,390
4,318,noise,1,293
4,319,noise,4,66
4,320,noise,4,380
4,321,noise,1,413
4,322,noise,1,796
4,323,noise,1,173
4,324,no_noise,2,312
4,325,no_noise,4,510
4,326,no_noise,1,138
4,327,noise,2,660
4,328,no_noise,1,169
4,329,no_noise,2,296
4,330,no_noise,1,490
4,331,no_noise,1,474
4,332,noise,4,799
4,333,no_noise,2,857
4,334,no_noise,4,329
4,335,no_noise,2,219
4,336,noise,2,315
4,337,noise,2,678
4,338,no_noise,4,267
4,339,no_noise,1,765
4,340,noise,2,596
4,341,noise,1,681
4,342,noise,2,720
4,343,noise,1,715
4,344,no_noise,1,773
4,345,no_noise,1,104
4,346,no_noise,4,814
4,347,noise,1,195
4,348,no_noise,2,869
4,349,no_noise,4,276
4,350,noise,1,366
4,351,no_noise,2,879
4,352,noise,4,144
4,353,noise,4,211
4,354,noise,4,840
4,355,no_noise,4,110
4,356,noise,2,193
4,357,noise,1,39
4,358,no_noise,2,906
4,359,noise,4,124
4,360,no_noise,4,693
4,361,no_noise,1,20
4,362,noise,2,880
4,363,no_noise,4,419
4,364,no_noise,4,428
4,365,noise,2,661
4,366,no_noise,4,829
4,367,noise,2,599
4,368,no_noise,2,701
4,369,no_noise,2,268
4,370,noise,2,331
4,371,no_noise,2,222
4,372,noise,4,260
4,373,no_noise,1,749
4,374,no_noise,4,463
4,375,no_noise,2,805
4,376,noise,4,126
4,377,no_noise,4,36
4,378,no_noise,2,767
4,379,no_noise,2,475
4,380,no_noise,1,76
4,381,noise,2,282
4,382,no_noise,2,662
4,383,no_noise,1,81
4,384,no_noise,4,302
4,385,no_noise,4,411
4,386,noise,1,64
4,387,noise,1,750
4,388,noise,4,305
4,389,noise,4,263
4,390,noise,4,838
4,391,no_noise,4,658
4,392,noise,4,665
4,393,noise,1,73
4,394,no_noise,4,310
4,395,no_noise,1,663
4,396,noise,2,563
4,397,noise,2,600
4,398,no_noise,2,581
4,399,noise,1,736
4,400,noise,1,224
