prot_id,trial_id,no_targets,noise_present,trajectory_id
1,1,2,no_noise,709
1,2,2,noise,865
1,3,1,noise,495
1,4,1,noise,266
1,5,1,noise,356
1,6,1,noise,379
1,7,2,no_noise,722
1,8,4,no_noise,263
1,9,4,no_noise,871
1,10,2,no_noise,224
1,11,4,noise,678
1,12,1,noise,658
1,13,1,noise,849
1,14,1,no_noise,483
1,15,2,noise,736
1,16,1,noise,646
1,17,2,no_noise,741
1,18,4,noise,529
1,19,2,noise,261
1,20,1,noise,533
1,21,1,no_noise,256
1,22,2,no_noise,418
1,23,1,no_noise,324
1,24,1,no_noise,705
1,25,1,noise,413
1,26,4,no_noise,459
1,27,4,no_noise,445
1,28,2,noise,603
1,29,4,noise,901
1,30,1,noise,216
1,31,4,no_noise,425
1,32,4,noise,633
1,33,1,noise,476
1,34,2,noise,759
1,35,1,no_noise,161
1,36,2,no_noise,213
1,37,1,noise,841
1,38,4,no_noise,11
1,39,1,noise,536
1,40,2,noise,446
1,41,2,noise,164
1,42,2,noise,457
1,43,1,no_noise,209
1,44,1,no_noise,516
1,45,2,noise,339
1,46,1,noise,89
1,47,4,no_noise,298
1,48,1,noise,218
1,49,4,noise,321
1,50,4,noise,613
1,51,4,noise,23
1,52,2,no_noise,458
1,53,2,noise,93
1,54,1,no_noise,623
1,55,1,noise,660
1,56,2,noise,145
1,57,1,no_noise,60
1,58,4,noise,139
1,59,2,noise,132
1,60,1,no_noise,305
1,61,2,no_noise,274
1,62,1,no_noise,76
1,63,2,no_noise,169
1,64,2,no_noise,887
1,65,4,noise,724
1,66,4,no_noise,791
1,67,1,no_noise,770
1,68,4,noise,589
1,69,4,noise,384
1,70,1,no_noise,73
1,71,4,noise,527
1,72,4,noise,273
1,73,2,noise,154
1,74,2,noise,695
1,75,1,no_noise,157
1,76,2,noise,129
1,77,2,noise,181
1,78,1,noise,746
1,79,2,no_noise,120
1,80,4,no_noise,672
1,81,2,noise,745
1,82,4,no_noise,250
1,83,2,noise,785
1,84,2,no_noise,735
1,85,4,no_noise,906
1,86,4,noise,113
1,87,4,noise,462
1,88,2,no_noise,185
1,89,1,noise,342
1,90,2,noise,85
1,91,4,noise,485
1,92,1,noise,667
1,93,2,noise,101
1,94,1,no_noise,504
1,95,2,no_noise,314
1,96,2,no_noise,683
1,97,1,noise,37
1,98,4,no_noise,549
1,99,1,no_noise,440
1,100,4,no_noise,240
