prot_id,trial_id,no_targets,noise_present,trajectory_id
8,701,1,no_noise,55
8,702,4,noise,693
8,703,1,noise,486
8,704,2,no_noise,585
8,705,1,noise,740
8,706,2,no_noise,78
8,707,2,noise,823
8,708,2,noise,581
8,709,2,noise,125
8,710,1,no_noise,908
8,711,2,no_noise,661
8,712,4,no_noise,443
8,713,1,no_noise,43
8,714,4,no_noise,723
8,715,1,noise,773
8,716,4,noise,648
8,717,1,no_noise,94
8,718,4,noise,304
8,719,2,noise,177
8,720,2,noise,229
8,721,4,no_noise,52
8,722,2,noise,106
8,723,2,no_noise,103
8,724,4,no_noise,20
8,725,4,noise,140
8,726,1,no_noise,257
8,727,2,no_noise,318
8,728,4,noise,510
8,729,1,noise,87
8,730,2,no_noise,341
8,731,2,noise,673
8,732,1,noise,67
8,733,4,noise,142
8,734,1,noise,563
8,735,1,no_noise,322
8,736,2,no_noise,389
8,737,2,no_noise,874
8,738,4,noise,477
8,739,4,noise,548
8,740,4,noise,347
8,741,1,no_noise,544
8,742,4,noise,455
8,743,4,no_noise,902
8,744,4,no_noise,69
8,745,2,no_noise,292
8,746,2,no_noise,703
8,747,2,noise,812
8,748,1,no_noise,467
8,749,2,noise,242
8,750,2,noise,102
8,751,1,no_noise,319
8,752,4,noise,472
8,753,2,noise,616
8,754,1,no_noise,861
8,755,4,noise,652
8,756,1,noise,98
8,757,1,no_noise,388
8,758,4,no_noise,499
8,759,1,no_noise,432
8,760,2,no_noise,188
8,761,4,noise,635
8,762,4,no_noise,411
8,763,1,noise,752
8,764,1,no_noise,325
8,765,4,noise,845
8,766,2,no_noise,390
8,767,1,noise,692
8,768,2,noise,57
8,769,4,no_noise,15
8,770,2,noise,34
8,771,4,no_noise,56
8,772,2,no_noise,249
8,773,4,no_noise,295
8,774,4,noise,602
8,775,1,no_noise,90
8,776,1,no_noise,452
8,777,1,no_noise,883
8,778,4,noise,604
8,779,2,no_noise,81
8,780,1,no_noise,265
8,781,4,noise,431
8,782,2,noise,423
8,783,4,no_noise,84
8,784,4,no_noise,28
8,785,4,noise,399
8,786,1,noise,608
8,787,1,no_noise,818
8,788,2,no_noise,501
8,789,1,noise,710
8,790,2,noise,287
8,791,4,noise,789
8,792,1,noise,674
8,793,4,no_noise,417
8,794,1,noise,126
8,795,4,noise,808
8,796,2,noise,82
8,797,4,no_noise,357
8,798,4,no_noise,765
8,799,4,noise,680
8,800,4,noise,620
