prot_id,trial_id,no_targets,noise_present,trajectory_id
6,501,2,no_noise,316
6,502,2,noise,269
6,503,1,no_noise,226
6,504,4,noise,794
6,505,1,noise,869
6,506,4,noise,906
6,507,1,no_noise,567
6,508,1,no_noise,895
6,509,2,no_noise,121
6,510,4,no_noise,756
6,511,4,no_noise,855
6,512,4,no_noise,122
6,513,1,noise,860
6,514,1,no_noise,811
6,515,1,no_noise,541
6,516,1,noise,460
6,517,2,no_noise,668
6,518,2,no_noise,187
6,519,2,noise,829
6,520,1,noise,58
6,521,2,no_noise,545
6,522,4,no_noise,369
6,523,1,noise,910
6,524,1,noise,876
6,525,1,no_noise,397
6,526,2,no_noise,885
6,527,1,noise,903
6,528,4,noise,654
6,529,4,no_noise,632
6,530,2,noise,198
6,531,2,no_noise,577
6,532,4,no_noise,66
6,533,2,noise,557
6,534,4,noise,447
6,535,2,no_noise,793
6,536,2,no_noise,828
6,537,4,no_noise,151
6,538,1,no_noise,537
6,539,4,no_noise,270
6,540,2,noise,203
6,541,2,noise,637
6,542,4,noise,193
6,543,2,noise,814
6,544,2,no_noise,245
6,545,1,no_noise,21
6,546,2,noise,303
6,547,1,noise,335
6,548,4,no_noise,562
6,549,2,no_noise,311
6,550,4,no_noise,807
6,551,4,noise,117
6,552,2,noise,555
6,553,2,noise,162
6,554,2,no_noise,844
6,555,1,no_noise,621
6,556,1,no_noise,212
6,557,1,noise,195
6,558,1,noise,51
6,559,1,no_noise,754
6,560,4,no_noise,296
6,561,4,noise,31
6,562,1,no_noise,864
6,563,2,no_noise,191
6,564,2,noise,822
6,565,2,noise,843
6,566,1,no_noise,233
6,567,2,no_noise,272
6,568,2,noise,800
6,569,1,no_noise,68
6,570,2,noise,219
6,571,4,noise,903
6,572,1,no_noise,427
6,573,4,no_noise,436
6,574,2,noise,119
6,575,1,noise,36
6,576,4,noise,517
6,577,4,no_noise,565
6,578,2,noise,867
6,579,1,no_noise,502
6,580,1,no_noise,838
6,581,2,no_noise,764
6,582,1,no_noise,50
6,583,4,noise,79
6,584,2,no_noise,507
6,585,4,no_noise,41
6,586,2,no_noise,310
6,587,1,noise,542
6,588,2,no_noise,631
6,589,1,no_noise,363
6,590,1,no_noise,237
6,591,4,no_noise,520
6,592,2,no_noise,156
6,593,1,noise,832
6,594,1,noise,779
6,595,1,no_noise,892
6,596,1,noise,100
6,597,2,no_noise,299
6,598,4,no_noise,401
6,599,4,no_noise,721
6,600,1,noise,696
