prot_id,trial_id,no_targets,noise_present,trajectory_id
5,401,1,no_noise,359
5,402,2,noise,424
5,403,4,noise,526
5,404,4,no_noise,235
5,405,2,no_noise,835
5,406,1,no_noise,174
5,407,2,no_noise,728
5,408,4,noise,54
5,409,1,no_noise,403
5,410,1,noise,856
5,411,2,noise,372
5,412,1,noise,851
5,413,2,no_noise,454
5,414,4,noise,760
5,415,4,no_noise,64
5,416,2,no_noise,663
5,417,2,no_noise,312
5,418,4,no_noise,148
5,419,2,noise,572
5,420,2,noise,230
5,421,1,no_noise,713
5,422,4,noise,463
5,423,4,no_noise,675
5,424,4,noise,255
5,425,1,noise,375
5,426,2,no_noise,858
5,427,2,noise,617
5,428,4,no_noise,49
5,429,2,no_noise,33
5,430,4,no_noise,234
5,431,2,noise,239
5,432,4,noise,490
5,433,4,no_noise,493
5,434,2,no_noise,706
5,435,1,no_noise,625
5,436,1,no_noise,792
5,437,4,no_noise,848
5,438,2,noise,290
5,439,1,no_noise,590
5,440,2,noise,386
5,441,4,noise,83
5,442,2,no_noise,461
5,443,1,no_noise,644
5,444,1,noise,9
5,445,4,no_noise,18
5,446,2,noise,350
5,447,4,noise,611
5,448,1,no_noise,471
5,449,2,noise,578
5,450,2,no_noise,433
5,451,4,noise,199
5,452,1,no_noise,896
5,453,4,no_noise,186
5,454,4,no_noise,503
5,455,1,no_noise,881
5,456,2,no_noise,645
5,457,2,no_noise,277
5,458,2,no_noise,627
5,459,2,noise,551
5,460,2,noise,733
5,461,2,no_noise,497
5,462,1,noise,284
5,463,4,no_noise,453
5,464,4,no_noise,689
5,465,2,noise,630
5,466,1,no_noise,732
5,467,1,no_noise,19
5,468,2,no_noise,63
5,469,2,noise,107
5,470,2,noise,899
5,471,2,noise,592
5,472,4,no_noise,210
5,473,1,no_noise,825
5,474,1,no_noise,293
5,475,2,no_noise,243
5,476,4,noise,505
5,477,4,noise,48
5,478,2,noise,470
5,479,1,no_noise,267
5,480,2,noise,786
5,481,4,no_noise,395
5,482,4,noise,115
5,483,4,noise,626
5,484,1,noise,898
5,485,2,noise,268
5,486,1,noise,456
5,487,2,noise,80
5,488,1,no_noise,189
5,489,4,no_noise,599
5,490,4,no_noise,159
5,491,2,no_noise,479
5,492,2,no_noise,528
5,493,2,no_noise,149
5,494,2,no_noise,45
5,495,2,no_noise,839
5,496,1,noise,465
5,497,4,noise,780
5,498,4,noise,583
5,499,4,noise,309
5,500,4,no_noise,217
