prot_id,trial_id,no_targets,noise_present,trajectory_id
9,801,1,noise,482
9,802,2,no_noise,657
9,803,1,no_noise,253
9,804,2,noise,86
9,805,4,no_noise,258
9,806,2,no_noise,904
9,807,4,no_noise,591
9,808,2,no_noise,729
9,809,4,noise,116
9,810,1,noise,358
9,811,2,noise,473
9,812,2,no_noise,14
9,813,1,noise,402
9,814,4,no_noise,59
9,815,4,no_noise,763
9,816,1,no_noise,587
9,817,4,no_noise,566
9,818,4,no_noise,580
9,819,4,no_noise,124
9,820,2,noise,749
9,821,2,no_noise,435
9,822,2,no_noise,550
9,823,4,noise,629
9,824,4,no_noise,352
9,825,1,noise,285
9,826,4,no_noise,355
9,827,4,noise,147
9,828,1,noise,712
9,829,4,noise,593
9,830,2,noise,805
9,831,1,noise,868
9,832,4,no_noise,437
9,833,4,no_noise,398
9,834,4,no_noise,466
9,835,1,noise,231
9,836,2,noise,638
9,837,2,no_noise,761
9,838,1,noise,194
9,839,1,no_noise,880
9,840,1,no_noise,601
9,841,1,no_noise,795
9,842,1,no_noise,382
9,843,1,no_noise,444
9,844,4,noise,506
9,845,4,noise,558
9,846,1,no_noise,810
9,847,2,no_noise,872
9,848,1,noise,836
9,849,4,noise,127
9,850,2,noise,196
9,851,1,noise,700
9,852,1,noise,743
9,853,1,noise,514
9,854,2,no_noise,739
9,855,2,noise,656
9,856,2,noise,334
9,857,4,no_noise,211
9,858,2,no_noise,757
9,859,4,no_noise,891
9,860,1,noise,202
9,861,4,noise,360
9,862,2,no_noise,141
9,863,2,noise,367
9,864,4,noise,500
9,865,1,noise,798
9,866,1,noise,556
9,867,2,no_noise,902
9,868,1,noise,714
9,869,4,noise,677
9,870,2,noise,279
9,871,4,no_noise,525
9,872,1,no_noise,659
9,873,4,noise,204
9,874,1,noise,513
9,875,4,no_noise,111
9,876,2,noise,771
9,877,1,noise,879
9,878,1,noise,416
9,879,1,noise,653
9,880,2,no_noise,671
9,881,2,noise,737
9,882,1,no_noise,897
9,883,1,no_noise,708
9,884,1,no_noise,366
9,885,2,noise,346
9,886,4,no_noise,682
9,887,1,no_noise,364
9,888,1,no_noise,182
9,889,4,noise,622
9,890,4,noise,381
9,891,4,no_noise,782
9,892,1,noise,410
9,893,1,no_noise,784
9,894,2,noise,62
9,895,1,no_noise,336
9,896,4,noise,788
9,897,4,noise,17
9,898,4,noise,179
9,899,2,no_noise,905
9,900,4,noise,109
