prot_id,trial_id,no_targets,noise_present,trajectory_id
7,601,1,noise,666
7,602,2,no_noise,816
7,603,2,noise,834
7,604,4,no_noise,619
7,605,1,noise,91
7,606,1,noise,742
7,607,2,noise,400
7,608,4,noise,97
7,609,4,noise,720
7,610,1,noise,540
7,611,2,noise,392
7,612,4,no_noise,329
7,613,2,no_noise,72
7,614,4,no_noise,385
7,615,4,noise,531
7,616,2,noise,857
7,617,2,noise,487
7,618,4,no_noise,521
7,619,2,no_noise,47
7,620,2,noise,30
7,621,1,no_noise,133
7,622,2,noise,35
7,623,2,noise,283
7,624,4,no_noise,582
7,625,2,no_noise,568
7,626,2,no_noise,99
7,627,1,no_noise,519
7,628,2,no_noise,468
7,629,1,no_noise,144
7,630,1,noise,409
7,631,4,no_noise,152
7,632,1,no_noise,104
7,633,2,no_noise,888
7,634,4,no_noise,391
7,635,4,noise,584
7,636,1,noise,442
7,637,4,noise,53
7,638,2,noise,200
7,639,4,no_noise,560
7,640,1,noise,799
7,641,4,no_noise,345
7,642,2,noise,128
7,643,1,no_noise,909
7,644,2,no_noise,332
7,645,4,no_noise,74
7,646,4,noise,553
7,647,1,noise,854
7,648,1,noise,178
7,649,4,no_noise,750
7,650,1,no_noise,727
7,651,1,no_noise,639
7,652,2,noise,428
7,653,1,no_noise,373
7,654,2,noise,12
7,655,1,no_noise,890
7,656,1,noise,730
7,657,4,noise,598
7,658,4,no_noise,408
7,659,1,noise,134
7,660,4,no_noise,173
7,661,1,no_noise,330
7,662,4,noise,641
7,663,2,no_noise,331
7,664,4,noise,222
7,665,2,no_noise,430
7,666,4,noise,870
7,667,2,no_noise,697
7,668,2,noise,821
7,669,4,no_noise,571
7,670,1,noise,570
7,671,1,noise,748
7,672,1,noise,371
7,673,2,no_noise,167
7,674,1,no_noise,29
7,675,1,no_noise,348
7,676,1,noise,315
7,677,4,no_noise,717
7,678,4,no_noise,900
7,679,4,no_noise,163
7,680,4,noise,866
7,681,2,no_noise,251
7,682,2,no_noise,439
7,683,4,noise,207
7,684,2,no_noise,690
7,685,4,no_noise,509
7,686,2,noise,776
7,687,2,no_noise,160
7,688,4,noise,538
7,689,4,no_noise,480
7,690,2,noise,300
7,691,2,no_noise,349
7,692,4,no_noise,387
7,693,2,noise,307
7,694,1,noise,882
7,695,2,no_noise,532
7,696,1,no_noise,850
7,697,4,no_noise,474
7,698,4,noise,716
7,699,4,no_noise,289
7,700,4,no_noise,353
