prot_id,trial_id,no_targets,noise_present,trajectory_id
3,201,1,noise,569
3,202,4,noise,44
3,203,1,no_noise,813
3,204,2,noise,449
3,205,1,no_noise,280
3,206,1,noise,751
3,207,4,no_noise,108
3,208,1,noise,694
3,209,4,noise,686
3,210,4,no_noise,669
3,211,1,noise,333
3,212,1,no_noise,394
3,213,4,noise,450
3,214,1,no_noise,877
3,215,1,no_noise,827
3,216,4,no_noise,407
3,217,2,noise,676
3,218,4,noise,679
3,219,4,noise,684
3,220,1,noise,796
3,221,2,no_noise,640
3,222,2,no_noise,615
3,223,1,noise,774
3,224,2,noise,478
3,225,4,noise,508
3,226,4,noise,687
3,227,2,no_noise,475
3,228,1,noise,420
3,229,4,noise,893
3,230,4,noise,699
3,231,1,noise,340
3,232,2,noise,138
3,233,1,noise,32
3,234,2,noise,114
3,235,2,no_noise,131
3,236,4,noise,343
3,237,1,noise,16
3,238,2,noise,441
3,239,2,no_noise,698
3,240,2,no_noise,259
3,241,2,no_noise,320
3,242,1,no_noise,726
3,243,4,no_noise,862
3,244,4,noise,597
3,245,2,noise,772
3,246,4,noise,205
3,247,2,no_noise,294
3,248,2,noise,27
3,249,4,noise,190
3,250,2,noise,422
3,251,1,no_noise,370
3,252,4,noise,429
3,253,1,no_noise,42
3,254,1,noise,847
3,255,1,no_noise,552
3,256,4,noise,361
3,257,2,no_noise,105
3,258,2,noise,523
3,259,4,noise,10
3,260,2,no_noise,738
3,261,2,noise,172
3,262,4,no_noise,768
3,263,1,no_noise,380
3,264,1,no_noise,227
3,265,1,no_noise,605
3,266,1,noise,464
3,267,2,noise,624
3,268,4,noise,573
3,269,4,no_noise,232
3,270,2,no_noise,685
3,271,4,noise,206
3,272,1,noise,92
3,273,2,noise,778
3,274,2,noise,753
3,275,1,noise,618
3,276,4,no_noise,524
3,277,1,noise,175
3,278,2,noise,595
3,279,4,noise,404
3,280,1,no_noise,223
3,281,1,noise,664
3,282,4,no_noise,271
3,283,2,no_noise,853
3,284,1,no_noise,594
3,285,2,no_noise,143
3,286,4,no_noise,88
3,287,2,no_noise,421
3,288,2,noise,110
3,289,1,no_noise,886
3,290,2,no_noise,130
3,291,2,no_noise,496
3,292,1,no_noise,488
3,293,2,noise,448
3,294,1,noise,171
3,295,2,no_noise,368
3,296,4,noise,282
3,297,4,noise,362
3,298,1,noise,859
3,299,2,noise,123
3,300,1,no_noise,248
