prot_id,trial_id,no_targets,noise_present,trajectory_id
2,101,2,no_noise,278
2,102,1,noise,889
2,103,1,noise,655
2,104,4,noise,707
2,105,1,noise,719
2,106,2,no_noise,7
2,107,4,noise,415
2,108,1,no_noise,184
2,109,2,noise,70
2,110,1,no_noise,579
2,111,2,noise,168
2,112,1,noise,546
2,113,2,noise,755
2,114,1,no_noise,651
2,115,2,noise,734
2,116,4,noise,634
2,117,4,no_noise,777
2,118,4,noise,894
2,119,1,no_noise,419
2,120,1,noise,718
2,121,1,no_noise,137
2,122,2,no_noise,308
2,123,4,no_noise,884
2,124,4,no_noise,276
2,125,1,no_noise,469
2,126,1,noise,725
2,127,1,noise,873
2,128,4,noise,905
2,129,4,noise,600
2,130,4,no_noise,831
2,131,2,no_noise,136
2,132,4,noise,824
2,133,4,noise,376
2,134,2,no_noise,576
2,135,1,no_noise,236
2,136,4,no_noise,588
2,137,1,no_noise,534
2,138,2,noise,801
2,139,4,noise,297
2,140,4,no_noise,166
2,141,4,no_noise,25
2,142,4,no_noise,192
2,143,2,noise,530
2,144,2,noise,586
2,145,4,noise,815
2,146,2,noise,628
2,147,4,no_noise,247
2,148,1,noise,323
2,149,1,noise,596
2,150,4,no_noise,820
2,151,1,no_noise,176
2,152,1,noise,564
2,153,1,no_noise,165
2,154,1,no_noise,511
2,155,4,noise,819
2,156,1,noise,901
2,157,2,noise,574
2,158,4,noise,153
2,159,2,no_noise,830
2,160,1,no_noise,215
2,161,1,no_noise,535
2,162,1,no_noise,704
2,163,4,no_noise,238
2,164,4,noise,383
2,165,2,noise,489
2,166,1,noise,112
2,167,2,no_noise,481
2,168,4,noise,833
2,169,2,no_noise,24
2,170,4,no_noise,252
2,171,4,noise,328
2,172,4,noise,837
2,173,2,noise,406
2,174,2,no_noise,762
2,175,4,no_noise,802
2,176,4,no_noise,96
2,177,1,noise,747
2,178,4,noise,775
2,179,4,no_noise,904
2,180,4,noise,554
2,181,1,noise,71
2,182,2,no_noise,515
2,183,1,no_noise,208
2,184,2,noise,365
2,185,1,no_noise,221
2,186,1,no_noise,288
2,187,1,noise,214
2,188,1,no_noise,612
2,189,4,noise,539
2,190,1,noise,426
2,191,2,noise,701
2,192,1,no_noise,338
2,193,1,no_noise,61
2,194,2,no_noise,262
2,195,2,noise,13
2,196,1,noise,787
2,197,2,noise,95
2,198,2,noise,158
2,199,2,no_noise,575
2,200,2,no_noise,609
