prot_id,trial_id,no_targets,noise_present,trajectory_id
4,301,4,noise,806
4,302,4,noise,197
4,303,1,noise,264
4,304,4,no_noise,840
4,305,1,no_noise,244
4,306,1,noise,665
4,307,2,no_noise,691
4,308,2,noise,688
4,309,1,no_noise,744
4,310,2,noise,842
4,311,2,no_noise,731
4,312,1,noise,907
4,313,2,noise,911
4,314,4,noise,766
4,315,1,no_noise,494
4,316,4,noise,817
4,317,1,noise,354
4,318,4,no_noise,393
4,319,4,no_noise,344
4,320,2,noise,543
4,321,2,noise,647
4,322,4,no_noise,377
4,323,4,noise,484
4,324,4,noise,281
4,325,1,no_noise,518
4,326,2,no_noise,155
4,327,2,no_noise,170
4,328,2,noise,636
4,329,2,no_noise,39
4,330,1,noise,681
4,331,1,no_noise,275
4,332,2,no_noise,650
4,333,4,no_noise,118
4,334,4,noise,38
4,335,4,no_noise,846
4,336,1,noise,246
4,337,1,noise,313
4,338,4,noise,715
4,339,4,no_noise,260
4,340,2,no_noise,374
4,341,2,noise,378
4,342,1,noise,351
4,343,1,no_noise,22
4,344,4,no_noise,662
4,345,2,no_noise,491
4,346,4,noise,326
4,347,4,no_noise,809
4,348,1,noise,65
4,349,4,noise,405
4,350,1,no_noise,150
4,351,2,no_noise,228
4,352,2,no_noise,301
4,353,4,noise,852
4,354,2,noise,670
4,355,1,noise,875
4,356,4,noise,302
4,357,4,no_noise,337
4,358,2,no_noise,146
4,359,4,no_noise,317
4,360,1,noise,547
4,361,2,noise,201
4,362,4,no_noise,8
4,363,1,no_noise,492
4,364,4,no_noise,254
4,365,1,noise,758
4,366,1,noise,642
4,367,4,no_noise,512
4,368,1,noise,607
4,369,4,no_noise,803
4,370,2,no_noise,606
4,371,2,no_noise,414
4,372,1,noise,396
4,373,4,noise,797
4,374,2,no_noise,790
4,375,4,no_noise,40
4,376,2,no_noise,783
4,377,2,noise,559
4,378,1,no_noise,135
4,379,4,noise,878
4,380,1,noise,561
4,381,1,noise,769
4,382,2,no_noise,498
4,383,4,no_noise,327
4,384,2,noise,711
4,385,1,noise,804
4,386,1,noise,522
4,387,2,noise,291
4,388,1,noise,225
4,389,2,no_noise,649
4,390,2,noise,451
4,391,1,no_noise,75
4,392,1,no_noise,220
4,393,1,noise,614
4,394,4,no_noise,180
4,395,4,noise,306
4,396,4,no_noise,46
4,397,4,no_noise,767
4,398,1,no_noise,77
4,399,2,noise,781
4,400,4,no_noise,610
