prot_id,trial_id,noise_present,no_targets,trajectory_id
7,601,no_noise,1,488
7,602,noise,2,319
7,603,noise,4,266
7,604,noise,1,829
7,605,noise,2,346
7,606,noise,2,281
7,607,noise,1,561
7,608,noise,4,881
7,609,no_noise,2,757
7,610,noise,2,243
7,611,noise,2,628
7,612,noise,2,116
7,613,no_noise,2,714
7,614,noise,2,539
7,615,noise,2,559
7,616,no_noise,1,211
7,617,noise,4,651
7,618,noise,1,853
7,619,no_noise,2,127
7,620,noise,2,442
7,621,noise,1,694
7,622,noise,1,215
7,623,no_noise,2,589
7,624,no_noise,4,448
7,625,noise,1,138
7,626,no_noise,2,425
7,627,no_noise,4,334
7,628,noise,4,775
7,629,noise,2,398
7,630,noise,1,344
7,631,no_noise,2,378
7,632,no_noise,4,144
7,633,no_noise,1,805
7,634,noise,2,713
7,635,no_noise,4,184
7,636,noise,2,423
7,637,noise,1,758
7,638,no_noise,1,213
7,639,no_noise,1,903
7,640,noise,2,515
7,641,noise,2,715
7,642,noise,2,767
7,643,noise,1,619
7,644,no_noise,1,195
7,645,no_noise,1,221
7,646,noise,4,828
7,647,no_noise,1,91
7,648,no_noise,1,616
7,649,noise,1,424
7,650,no_noise,4,137
7,651,noise,1,878
7,652,no_noise,1,146
7,653,no_noise,2,487
7,654,noise,1,725
7,655,no_noise,2,126
7,656,noise,4,68
7,657,noise,2,564
7,658,noise,4,778
7,659,no_noise,2,696
7,660,noise,1,652
7,661,no_noise,4,903
7,662,noise,2,804
7,663,no_noise,2,196
7,664,noise,2,142
7,665,noise,4,859
7,666,no_noise,4,662
7,667,no_noise,1,251
7,668,no_noise,2,421
7,669,noise,4,277
7,670,no_noise,1,428
7,671,noise,4,862
7,672,noise,4,796
7,673,no_noise,2,30
7,674,noise,1,362
7,675,noise,1,408
7,676,noise,1,654
7,677,no_noise,2,260
7,678,noise,1,365
7,679,noise,4,653
7,680,no_noise,1,401
7,681,noise,4,789
7,682,no_noise,1,583
7,683,no_noise,1,101
7,684,noise,2,269
7,685,no_noise,1,338
7,686,noise,1,781
7,687,noise,2,479
7,688,no_noise,1,812
7,689,noise,4,850
7,690,no_noise,4,175
7,691,noise,2,535
7,692,no_noise,1,45
7,693,noise,4,563
7,694,no_noise,1,852
7,695,no_noise,1,732
7,696,noise,1,710
7,697,no_noise,4,627
7,698,no_noise,2,308
7,699,no_noise,1,34
7,700,noise,2,741
