prot_id,trial_id,noise_present,no_targets,trajectory_id
2,101,no_noise,1,830
2,102,no_noise,2,543
2,103,noise,4,444
2,104,no_noise,2,24
2,105,no_noise,4,228
2,106,noise,2,525
2,107,noise,4,844
2,108,no_noise,2,460
2,109,noise,1,815
2,110,noise,2,800
2,111,no_noise,2,278
2,112,no_noise,2,827
2,113,no_noise,4,700
2,114,no_noise,2,517
2,115,noise,1,906
2,116,no_noise,4,888
2,117,noise,4,307
2,118,no_noise,4,333
2,119,no_noise,4,609
2,120,noise,2,566
2,121,noise,1,730
2,122,noise,2,48
2,123,noise,4,84
2,124,noise,2,263
2,125,noise,1,590
2,126,no_noise,4,872
2,127,no_noise,4,894
2,128,no_noise,4,14
2,129,noise,2,582
2,130,no_noise,2,89
2,131,no_noise,2,372
2,132,no_noise,4,368
2,133,no_noise,4,82
2,134,no_noise,1,555
2,135,noise,4,720
2,136,no_noise,2,660
2,137,noise,1,230
2,138,noise,2,791
2,139,no_noise,4,887
2,140,no_noise,2,772
2,141,noise,2,317
2,142,no_noise,2,207
2,143,noise,1,548
2,144,no_noise,1,565
2,145,no_noise,4,729
2,146,no_noise,4,42
2,147,no_noise,1,358
2,148,noise,4,311
2,149,noise,4,605
2,150,noise,4,765
2,151,no_noise,1,217
2,152,no_noise,4,705
2,153,noise,2,717
2,154,noise,2,27
2,155,noise,1,538
2,156,no_noise,2,300
2,157,no_noise,1,256
2,158,noise,1,312
2,159,no_noise,2,718
2,160,no_noise,1,114
2,161,no_noise,1,848
2,162,noise,1,44
2,163,noise,4,356
2,164,no_noise,4,155
2,165,no_noise,1,674
2,166,noise,4,353
2,167,no_noise,2,779
2,168,no_noise,2,96
2,169,noise,1,302
2,170,noise,2,466
2,171,noise,4,909
2,172,no_noise,2,841
2,173,no_noise,4,214
2,174,no_noise,2,420
2,175,no_noise,2,615
2,176,no_noise,1,381
2,177,no_noise,1,176
2,178,noise,2,707
2,179,no_noise,2,542
2,180,no_noise,4,13
2,181,noise,2,233
2,182,noise,2,586
2,183,no_noise,4,53
2,184,noise,1,404
2,185,noise,1,485
2,186,no_noise,1,153
2,187,no_noise,1,71
2,188,noise,1,165
2,189,noise,2,524
2,190,no_noise,4,439
2,191,noise,2,41
2,192,noise,1,297
2,193,noise,1,453
2,194,no_noise,2,7
2,195,no_noise,2,454
2,196,noise,1,825
2,197,no_noise,4,463
2,198,no_noise,2,340
2,199,no_noise,2,502
2,200,noise,1,83
