prot_id,trial_id,noise_present,no_targets,trajectory_id
4,301,noise,2,377
4,302,no_noise,4,907
4,303,noise,1,880
4,304,no_noise,1,158
4,305,no_noise,2,139
4,306,no_noise,1,755
4,307,noise,4,385
4,308,noise,4,157
4,309,noise,1,201
4,310,noise,1,367
4,311,no_noise,4,357
4,312,noise,4,253
4,313,no_noise,2,402
4,314,noise,4,69
4,315,no_noise,4,585
4,316,noise,1,187
4,317,no_noise,1,59
4,318,noise,2,151
4,319,no_noise,4,492
4,320,noise,1,495
4,321,noise,2,65
4,322,noise,4,728
4,323,noise,2,135
4,324,no_noise,1,474
4,325,no_noise,4,822
4,326,no_noise,1,745
4,327,no_noise,4,245
4,328,no_noise,1,602
4,329,no_noise,1,410
4,330,no_noise,4,152
4,331,noise,1,36
4,332,no_noise,1,904
4,333,noise,1,246
4,334,no_noise,4,513
4,335,noise,2,134
4,336,noise,1,599
4,337,noise,1,236
4,338,noise,2,179
4,339,noise,4,67
4,340,noise,1,556
4,341,noise,4,629
4,342,noise,4,379
4,343,noise,1,172
4,344,no_noise,4,742
4,345,no_noise,2,708
4,346,no_noise,2,198
4,347,no_noise,1,181
4,348,no_noise,2,383
4,349,no_noise,4,328
4,350,noise,4,600
4,351,noise,2,572
4,352,no_noise,4,354
4,353,no_noise,4,481
4,354,noise,1,351
4,355,noise,2,833
4,356,no_noise,2,552
4,357,no_noise,4,400
4,358,noise,1,610
4,359,noise,2,80
4,360,noise,1,731
4,361,noise,1,900
4,362,no_noise,4,290
4,363,no_noise,2,735
4,364,noise,4,477
4,365,noise,2,817
4,366,no_noise,2,505
4,367,no_noise,2,626
4,368,noise,2,854
4,369,noise,1,411
4,370,noise,1,496
4,371,noise,1,225
4,372,noise,1,110
4,373,noise,2,553
4,374,no_noise,2,897
4,375,no_noise,4,649
4,376,no_noise,4,148
4,377,noise,4,15
4,378,no_noise,1,189
4,379,no_noise,4,832
4,380,noise,4,843
4,381,noise,4,768
4,382,no_noise,2,87
4,383,noise,1,436
4,384,noise,1,97
4,385,noise,2,373
4,386,noise,2,865
4,387,no_noise,1,637
4,388,no_noise,4,132
4,389,noise,4,163
4,390,no_noise,1,522
4,391,no_noise,4,529
4,392,noise,2,426
4,393,noise,1,452
4,394,noise,2,12
4,395,no_noise,4,74
4,396,noise,2,595
4,397,no_noise,4,305
4,398,noise,4,149
4,399,no_noise,4,39
4,400,noise,2,612
