prot_id,trial_id,noise_present,no_targets,trajectory_id
6,501,noise,2,498
6,502,noise,2,645
6,503,no_noise,1,650
6,504,no_noise,1,98
6,505,noise,1,57
6,506,no_noise,4,459
6,507,noise,4,31
6,508,no_noise,2,753
6,509,noise,2,534
6,510,no_noise,1,870
6,511,no_noise,4,483
6,512,noise,4,701
6,513,no_noise,4,792
6,514,noise,4,759
6,515,no_noise,2,547
6,516,noise,2,754
6,517,noise,2,393
6,518,no_noise,2,49
6,519,no_noise,1,235
6,520,noise,1,624
6,521,no_noise,2,468
6,522,no_noise,1,106
6,523,no_noise,4,601
6,524,noise,1,816
6,525,no_noise,1,806
6,526,noise,1,197
6,527,noise,4,704
6,528,noise,2,810
6,529,no_noise,1,882
6,530,no_noise,1,252
6,531,no_noise,2,219
6,532,no_noise,1,350
6,533,noise,2,847
6,534,no_noise,2,738
6,535,noise,1,636
6,536,noise,1,124
6,537,no_noise,4,794
6,538,noise,2,516
6,539,noise,4,493
6,540,noise,4,607
6,541,no_noise,2,100
6,542,noise,1,777
6,543,noise,4,638
6,544,no_noise,4,166
6,545,no_noise,2,109
6,546,noise,4,249
6,547,no_noise,2,450
6,548,noise,4,475
6,549,no_noise,2,798
6,550,no_noise,2,693
6,551,no_noise,2,406
6,552,noise,4,133
6,553,no_noise,2,392
6,554,no_noise,1,860
6,555,noise,1,395
6,556,no_noise,1,855
6,557,noise,2,771
6,558,noise,2,787
6,559,noise,4,558
6,560,no_noise,2,471
6,561,no_noise,1,620
6,562,noise,2,413
6,563,no_noise,2,128
6,564,noise,2,722
6,565,noise,4,467
6,566,noise,2,104
6,567,noise,1,606
6,568,noise,2,846
6,569,no_noise,2,204
6,570,no_noise,4,218
6,571,no_noise,1,304
6,572,no_noise,1,208
6,573,noise,4,889
6,574,noise,4,530
6,575,noise,4,763
6,576,no_noise,1,724
6,577,no_noise,4,608
6,578,noise,4,161
6,579,no_noise,4,824
6,580,noise,1,390
6,581,noise,4,414
6,582,no_noise,4,382
6,583,noise,2,167
6,584,no_noise,4,105
6,585,noise,4,375
6,586,noise,2,527
6,587,noise,1,679
6,588,noise,4,258
6,589,noise,1,206
6,590,noise,2,293
6,591,no_noise,1,407
6,592,noise,4,734
6,593,no_noise,1,220
6,594,no_noise,4,568
6,595,no_noise,2,761
6,596,no_noise,4,419
6,597,noise,4,578
6,598,no_noise,1,273
6,599,no_noise,1,226
6,600,no_noise,1,478
