prot_id,trial_id,noise_present,no_targets,trajectory_id
3,201,noise,4,613
3,202,noise,4,343
3,203,noise,2,164
3,204,noise,2,431
3,205,noise,4,366
3,206,noise,1,898
3,207,noise,2,118
3,208,no_noise,2,306
3,209,noise,1,711
3,210,no_noise,1,294
3,211,noise,2,749
3,212,noise,1,508
3,213,no_noise,4,866
3,214,noise,4,658
3,215,noise,1,17
3,216,noise,1,88
3,217,noise,4,716
3,218,noise,2,70
3,219,no_noise,2,429
3,220,no_noise,4,416
3,221,noise,4,51
3,222,noise,2,283
3,223,noise,4,237
3,224,no_noise,1,376
3,225,noise,1,287
3,226,no_noise,4,676
3,227,no_noise,2,389
3,228,noise,1,874
3,229,no_noise,1,672
3,230,noise,4,455
3,231,noise,2,32
3,232,no_noise,1,562
3,233,no_noise,2,764
3,234,no_noise,4,506
3,235,no_noise,2,330
3,236,noise,4,677
3,237,no_noise,4,588
3,238,noise,2,685
3,239,noise,4,103
3,240,noise,4,762
3,241,no_noise,1,250
3,242,no_noise,2,532
3,243,noise,1,212
3,244,no_noise,4,238
3,245,noise,1,345
3,246,no_noise,1,842
3,247,no_noise,2,864
3,248,no_noise,2,567
3,249,no_noise,2,630
3,250,noise,2,511
3,251,no_noise,4,838
3,252,no_noise,1,22
3,253,no_noise,4,581
3,254,noise,2,29
3,255,no_noise,1,240
3,256,no_noise,1,73
3,257,noise,4,748
3,258,noise,4,90
3,259,no_noise,1,879
3,260,noise,4,528
3,261,noise,4,386
3,262,noise,1,537
3,263,noise,4,422
3,264,no_noise,4,723
3,265,no_noise,1,577
3,266,no_noise,2,159
3,267,noise,2,186
3,268,noise,1,831
3,269,noise,2,497
3,270,noise,2,446
3,271,noise,4,95
3,272,noise,2,773
3,273,no_noise,4,514
3,274,no_noise,1,280
3,275,noise,1,160
3,276,no_noise,4,360
3,277,no_noise,4,192
3,278,no_noise,1,63
3,279,noise,2,526
3,280,no_noise,1,261
3,281,noise,2,394
3,282,noise,1,845
3,283,no_noise,1,519
3,284,noise,4,417
3,285,no_noise,1,38
3,286,noise,2,449
3,287,noise,1,469
3,288,no_noise,2,814
3,289,no_noise,1,818
3,290,no_noise,4,37
3,291,no_noise,1,523
3,292,no_noise,4,533
3,293,noise,2,689
3,294,no_noise,2,223
3,295,no_noise,2,783
3,296,noise,1,227
3,297,noise,1,43
3,298,no_noise,4,807
3,299,no_noise,2,262
3,300,no_noise,4,275
