prot_id,trial_id,noise_present,no_targets,trajectory_id
8,701,no_noise,1,751
8,702,no_noise,4,884
8,703,noise,4,795
8,704,no_noise,1,270
8,705,no_noise,2,331
8,706,noise,1,371
8,707,no_noise,2,570
8,708,no_noise,1,314
8,709,noise,2,119
8,710,no_noise,4,785
8,711,no_noise,4,709
8,712,no_noise,4,873
8,713,noise,1,289
8,714,no_noise,4,793
8,715,no_noise,4,210
8,716,noise,1,202
8,717,noise,4,169
8,718,no_noise,4,232
8,719,noise,2,910
8,720,no_noise,2,55
8,721,noise,4,893
8,722,noise,4,663
8,723,noise,1,681
8,724,no_noise,4,473
8,725,no_noise,2,447
8,726,noise,1,177
8,727,no_noise,1,776
8,728,noise,4,839
8,729,no_noise,1,77
8,730,no_noise,4,224
8,731,noise,2,194
8,732,noise,2,180
8,733,no_noise,2,698
8,734,no_noise,4,120
8,735,noise,4,361
8,736,noise,2,239
8,737,noise,1,813
8,738,noise,1,268
8,739,no_noise,4,639
8,740,no_noise,1,35
8,741,no_noise,4,369
8,742,noise,1,451
8,743,noise,4,703
8,744,no_noise,4,840
8,745,noise,2,123
8,746,noise,4,476
8,747,no_noise,2,673
8,748,no_noise,1,324
8,749,no_noise,1,399
8,750,no_noise,1,292
8,751,no_noise,2,802
8,752,no_noise,1,688
8,753,noise,1,858
8,754,noise,1,820
8,755,no_noise,1,625
8,756,noise,4,102
8,757,no_noise,1,727
8,758,no_noise,4,332
8,759,no_noise,2,370
8,760,no_noise,1,667
8,761,noise,1,641
8,762,no_noise,2,746
8,763,no_noise,4,185
8,764,noise,1,435
8,765,no_noise,2,593
8,766,noise,1,384
8,767,noise,1,675
8,768,no_noise,2,551
8,769,no_noise,4,301
8,770,no_noise,1,234
8,771,no_noise,4,92
8,772,noise,2,819
8,773,noise,2,699
8,774,noise,4,782
8,775,no_noise,4,465
8,776,no_noise,1,47
8,777,noise,1,122
8,778,no_noise,2,587
8,779,no_noise,1,348
8,780,noise,1,885
8,781,noise,1,546
8,782,no_noise,4,769
8,783,noise,2,443
8,784,noise,4,604
8,785,noise,1,174
8,786,noise,4,632
8,787,noise,4,363
8,788,no_noise,2,21
8,789,no_noise,2,678
8,790,noise,1,337
8,791,no_noise,2,58
8,792,no_noise,4,883
8,793,noise,4,115
8,794,no_noise,2,374
8,795,no_noise,2,464
8,796,noise,2,743
8,797,noise,1,472
8,798,noise,2,891
8,799,noise,4,315
8,800,noise,4,432
