prot_id,trial_id,noise_present,no_targets,trajectory_id
1,1,no_noise,1,633
1,2,no_noise,1,19
1,3,noise,2,575
1,4,no_noise,2,739
1,5,no_noise,4,500
1,6,noise,4,682
1,7,noise,4,541
1,8,no_noise,4,456
1,9,noise,1,736
1,10,no_noise,2,113
1,11,noise,1,274
1,12,no_noise,2,76
1,13,no_noise,2,199
1,14,no_noise,2,491
1,15,no_noise,1,244
1,16,no_noise,4,46
1,17,no_noise,4,905
1,18,no_noise,4,247
1,19,no_noise,4,695
1,20,noise,1,107
1,21,noise,4,901
1,22,noise,1,661
1,23,no_noise,1,427
1,24,noise,1,388
1,25,no_noise,2,886
1,26,no_noise,2,409
1,27,noise,1,902
1,28,noise,4,697
1,29,no_noise,2,799
1,30,no_noise,2,445
1,31,noise,2,56
1,32,noise,1,380
1,33,no_noise,1,470
1,34,no_noise,4,440
1,35,no_noise,4,111
1,36,no_noise,1,355
1,37,noise,1,85
1,38,no_noise,2,801
1,39,noise,1,657
1,40,noise,2,669
1,41,no_noise,2,191
1,42,no_noise,4,387
1,43,no_noise,1,836
1,44,noise,4,342
1,45,noise,4,61
1,46,noise,4,316
1,47,noise,2,721
1,48,noise,2,531
1,49,noise,2,901
1,50,no_noise,4,665
1,51,noise,2,222
1,52,no_noise,2,622
1,53,no_noise,1,259
1,54,no_noise,1,295
1,55,no_noise,2,359
1,56,no_noise,2,770
1,57,noise,1,687
1,58,noise,2,279
1,59,noise,4,656
1,60,no_noise,4,94
1,61,noise,2,821
1,62,noise,2,684
1,63,noise,1,692
1,64,noise,4,415
1,65,no_noise,4,573
1,66,no_noise,2,130
1,67,noise,4,686
1,68,noise,1,664
1,69,no_noise,1,911
1,70,no_noise,1,229
1,71,no_noise,1,655
1,72,no_noise,2,140
1,73,no_noise,4,598
1,74,no_noise,2,510
1,75,no_noise,2,125
1,76,noise,4,303
1,77,noise,4,574
1,78,no_noise,2,178
1,79,no_noise,2,145
1,80,noise,1,8
1,81,no_noise,1,683
1,82,no_noise,2,803
1,83,noise,2,162
1,84,no_noise,1,271
1,85,no_noise,4,205
1,86,noise,4,418
1,87,no_noise,4,876
1,88,no_noise,1,719
1,89,no_noise,1,905
1,90,no_noise,4,327
1,91,noise,1,808
1,92,noise,4,569
1,93,noise,1,64
1,94,noise,2,774
1,95,noise,2,397
1,96,noise,4,644
1,97,no_noise,1,131
1,98,no_noise,4,760
1,99,noise,4,458
1,100,noise,2,457
