prot_id,trial_id,noise_present,no_targets,trajectory_id
9,801,no_noise,4,143
9,802,no_noise,2,117
9,803,no_noise,2,867
9,804,no_noise,1,647
9,805,no_noise,1,93
9,806,noise,4,265
9,807,noise,4,20
9,808,no_noise,2,310
9,809,noise,2,877
9,810,no_noise,4,18
9,811,noise,2,112
9,812,noise,4,671
9,813,noise,4,396
9,814,noise,1,242
9,815,no_noise,4,364
9,816,no_noise,4,536
9,817,noise,1,433
9,818,noise,1,391
9,819,no_noise,1,441
9,820,no_noise,1,584
9,821,noise,2,680
9,822,no_noise,2,706
9,823,no_noise,1,554
9,824,noise,1,507
9,825,noise,4,501
9,826,no_noise,2,79
9,827,noise,4,861
9,828,no_noise,1,40
9,829,noise,4,512
9,830,no_noise,1,744
9,831,no_noise,4,203
9,832,noise,4,25
9,833,no_noise,2,352
9,834,no_noise,2,635
9,835,noise,4,906
9,836,no_noise,2,282
9,837,noise,2,811
9,838,no_noise,4,499
9,839,no_noise,4,150
9,840,noise,2,576
9,841,noise,2,462
9,842,noise,1,170
9,843,no_noise,1,823
9,844,noise,1,60
9,845,no_noise,1,646
9,846,no_noise,4,347
9,847,noise,4,494
9,848,noise,1,571
9,849,noise,2,857
9,850,noise,4,766
9,851,noise,4,291
9,852,noise,1,550
9,853,no_noise,1,648
9,854,noise,2,690
9,855,noise,1,129
9,856,noise,4,54
9,857,noise,1,504
9,858,no_noise,4,209
9,859,noise,4,835
9,860,no_noise,1,264
9,861,noise,4,670
9,862,no_noise,1,216
9,863,noise,1,618
9,864,no_noise,4,484
9,865,noise,4,28
9,866,noise,2,869
9,867,no_noise,2,621
9,868,no_noise,1,182
9,869,noise,4,335
9,870,noise,2,480
9,871,no_noise,1,81
9,872,noise,1,549
9,873,noise,1,597
9,874,no_noise,1,272
9,875,noise,4,86
9,876,no_noise,4,9
9,877,noise,2,786
9,878,no_noise,4,520
9,879,noise,1,726
9,880,noise,1,108
9,881,no_noise,1,489
9,882,no_noise,4,797
9,883,no_noise,2,318
9,884,noise,2,733
9,885,no_noise,2,78
9,886,noise,1,171
9,887,noise,4,790
9,888,no_noise,2,611
9,889,no_noise,1,66
9,890,no_noise,1,837
9,891,noise,2,349
9,892,no_noise,4,784
9,893,no_noise,4,288
9,894,no_noise,2,868
9,895,noise,1,756
9,896,no_noise,1,545
9,897,no_noise,4,231
9,898,no_noise,4,591
9,899,no_noise,2,437
9,900,no_noise,2,896
