prot_id,trial_id,noise_present,no_targets,trajectory_id
5,401,no_noise,4,596
5,402,no_noise,2,747
5,403,noise,4,544
5,404,no_noise,1,257
5,405,noise,1,72
5,406,noise,2,666
5,407,no_noise,2,631
5,408,noise,2,313
5,409,noise,2,276
5,410,no_noise,2,560
5,411,no_noise,4,594
5,412,noise,2,780
5,413,no_noise,1,309
5,414,noise,1,193
5,415,noise,1,326
5,416,noise,2,902
5,417,noise,2,23
5,418,no_noise,4,121
5,419,noise,1,50
5,420,noise,2,899
5,421,noise,2,557
5,422,no_noise,2,141
5,423,noise,4,623
5,424,noise,2,99
5,425,no_noise,2,405
5,426,no_noise,1,834
5,427,no_noise,2,341
5,428,noise,1,403
5,429,no_noise,4,486
5,430,noise,4,579
5,431,noise,4,634
5,432,no_noise,2,430
5,433,noise,2,482
5,434,noise,2,323
5,435,no_noise,2,908
5,436,no_noise,1,136
5,437,no_noise,4,298
5,438,noise,2,200
5,439,noise,2,668
5,440,no_noise,1,188
5,441,noise,1,503
5,442,no_noise,1,173
5,443,noise,4,285
5,444,noise,4,856
5,445,no_noise,1,147
5,446,no_noise,4,509
5,447,no_noise,2,168
5,448,noise,4,461
5,449,no_noise,4,640
5,450,no_noise,4,154
5,451,no_noise,1,788
5,452,noise,2,284
5,453,noise,1,875
5,454,no_noise,1,321
5,455,noise,2,851
5,456,no_noise,2,603
5,457,no_noise,2,339
5,458,no_noise,4,737
5,459,no_noise,4,16
5,460,noise,4,614
5,461,noise,1,895
5,462,no_noise,2,617
5,463,noise,4,320
5,464,noise,2,322
5,465,no_noise,2,752
5,466,no_noise,4,299
5,467,noise,4,190
5,468,no_noise,4,659
5,469,noise,4,325
5,470,no_noise,4,890
5,471,no_noise,2,52
5,472,noise,1,712
5,473,no_noise,2,642
5,474,noise,2,267
5,475,no_noise,2,62
5,476,no_noise,1,750
5,477,no_noise,1,255
5,478,noise,4,849
5,479,noise,4,521
5,480,noise,2,580
5,481,no_noise,4,248
5,482,noise,2,892
5,483,noise,4,296
5,484,no_noise,2,540
5,485,no_noise,4,809
5,486,noise,2,33
5,487,no_noise,1,518
5,488,noise,4,254
5,489,no_noise,2,740
5,490,noise,2,329
5,491,no_noise,1,10
5,492,noise,1,336
5,493,noise,4,691
5,494,noise,1,904
5,495,noise,4,11
5,496,noise,4,75
5,497,no_noise,1,871
5,498,noise,1,490
5,499,no_noise,4,156
5,500,noise,4,592
