prot_id,trial_id,noise_present,no_targets,trajectory_id
2,101,no_noise,2,865
2,102,no_noise,4,304
2,103,no_noise,2,664
2,104,no_noise,2,377
2,105,noise,4,36
2,106,no_noise,1,476
2,107,no_noise,1,502
2,108,noise,1,205
2,109,no_noise,2,324
2,110,noise,1,449
2,111,no_noise,1,831
2,112,noise,4,81
2,113,no_noise,2,846
2,114,no_noise,1,803
2,115,no_noise,1,757
2,116,noise,2,853
2,117,noise,2,566
2,118,no_noise,2,109
2,119,noise,1,547
2,120,no_noise,2,432
2,121,no_noise,4,648
2,122,noise,4,770
2,123,noise,2,892
2,124,noise,4,291
2,125,no_noise,4,564
2,126,no_noise,4,551
2,127,noise,4,691
2,128,no_noise,1,518
2,129,no_noise,1,521
2,130,noise,2,534
2,131,no_noise,2,207
2,132,noise,2,483
2,133,noise,2,89
2,134,noise,1,633
2,135,no_noise,4,511
2,136,noise,1,768
2,137,no_noise,4,806
2,138,no_noise,1,590
2,139,noise,2,618
2,140,no_noise,2,614
2,141,noise,4,794
2,142,no_noise,4,589
2,143,noise,4,167
2,144,noise,2,541
2,145,no_noise,4,33
2,146,no_noise,2,409
2,147,noise,1,821
2,148,no_noise,2,174
2,149,no_noise,2,210
2,150,no_noise,1,273
2,151,noise,2,271
2,152,no_noise,2,781
2,153,noise,4,325
2,154,noise,1,427
2,155,noise,1,128
2,156,no_noise,4,528
2,157,no_noise,2,488
2,158,no_noise,4,332
2,159,noise,4,288
2,160,no_noise,1,252
2,161,noise,2,466
2,162,no_noise,1,464
2,163,no_noise,2,170
2,164,no_noise,1,243
2,165,no_noise,4,158
2,166,noise,2,793
2,167,noise,4,52
2,168,noise,4,90
2,169,noise,2,724
2,170,no_noise,4,231
2,171,noise,4,605
2,172,noise,2,603
2,173,no_noise,2,396
2,174,no_noise,2,349
2,175,noise,1,145
2,176,no_noise,2,440
2,177,no_noise,4,767
2,178,noise,2,653
2,179,no_noise,1,263
2,180,noise,4,182
2,181,no_noise,1,907
2,182,no_noise,4,356
2,183,no_noise,2,64
2,184,noise,4,131
2,185,no_noise,2,658
2,186,no_noise,4,629
2,187,noise,2,269
2,188,no_noise,2,246
2,189,no_noise,4,28
2,190,no_noise,4,665
2,191,no_noise,2,173
2,192,noise,4,834
2,193,noise,2,877
2,194,noise,4,336
2,195,noise,2,368
2,196,noise,2,357
2,197,no_noise,4,649
2,198,no_noise,2,535
2,199,noise,4,486
2,200,noise,2,25
