prot_id,trial_id,noise_present,no_targets,trajectory_id
6,501,noise,2,777
6,502,no_noise,2,148
6,503,noise,2,319
6,504,no_noise,1,248
6,505,noise,1,442
6,506,noise,1,682
6,507,noise,1,655
6,508,noise,1,627
6,509,no_noise,4,53
6,510,noise,1,587
6,511,no_noise,1,415
6,512,noise,1,15
6,513,noise,2,626
6,514,noise,2,669
6,515,no_noise,1,203
6,516,noise,2,266
6,517,no_noise,1,445
6,518,no_noise,1,799
6,519,no_noise,2,404
6,520,noise,1,47
6,521,no_noise,4,362
6,522,noise,1,520
6,523,noise,4,310
6,524,noise,2,771
6,525,no_noise,2,374
6,526,noise,4,108
6,527,noise,4,671
6,528,no_noise,2,536
6,529,noise,4,237
6,530,no_noise,1,302
6,531,noise,1,95
6,532,noise,1,268
6,533,no_noise,4,580
6,534,no_noise,2,234
6,535,noise,2,426
6,536,no_noise,4,85
6,537,noise,4,398
6,538,noise,4,54
6,539,no_noise,4,370
6,540,noise,4,876
6,541,noise,4,557
6,542,noise,1,189
6,543,noise,4,712
6,544,no_noise,2,421
6,545,noise,1,730
6,546,noise,1,317
6,547,no_noise,4,866
6,548,no_noise,2,106
6,549,noise,2,737
6,550,noise,2,747
6,551,noise,1,201
6,552,noise,2,219
6,553,noise,4,222
6,554,noise,4,539
6,555,no_noise,1,140
6,556,noise,4,816
6,557,noise,1,372
6,558,noise,2,424
6,559,noise,1,662
6,560,no_noise,1,681
6,561,no_noise,4,845
6,562,noise,1,164
6,563,noise,4,522
6,564,noise,2,670
6,565,no_noise,2,481
6,566,no_noise,1,656
6,567,noise,2,780
6,568,no_noise,1,56
6,569,no_noise,2,453
6,570,no_noise,1,908
6,571,no_noise,4,497
6,572,no_noise,4,352
6,573,noise,4,847
6,574,no_noise,1,298
6,575,no_noise,2,165
6,576,no_noise,4,493
6,577,no_noise,4,903
6,578,noise,4,55
6,579,no_noise,2,672
6,580,no_noise,2,258
6,581,no_noise,4,692
6,582,noise,2,86
6,583,no_noise,4,683
6,584,noise,4,769
6,585,no_noise,1,499
6,586,no_noise,1,538
6,587,no_noise,2,264
6,588,no_noise,1,376
6,589,noise,1,395
6,590,noise,2,808
6,591,noise,1,612
6,592,noise,2,343
6,593,noise,1,619
6,594,noise,2,101
6,595,noise,4,393
6,596,no_noise,4,623
6,597,no_noise,4,433
6,598,no_noise,4,366
6,599,no_noise,4,425
6,600,noise,2,677
