prot_id,trial_id,noise_present,no_targets,trajectory_id
4,301,no_noise,4,477
4,302,noise,2,452
4,303,noise,2,221
4,304,no_noise,2,554
4,305,noise,2,32
4,306,no_noise,2,61
4,307,noise,1,584
4,308,no_noise,2,594
4,309,noise,1,120
4,310,noise,2,267
4,311,noise,1,610
4,312,no_noise,1,852
4,313,no_noise,2,812
4,314,no_noise,1,722
4,315,noise,1,884
4,316,noise,1,498
4,317,noise,4,142
4,318,no_noise,2,856
4,319,no_noise,4,599
4,320,no_noise,4,639
4,321,no_noise,2,515
4,322,noise,4,378
4,323,noise,4,124
4,324,noise,2,437
4,325,no_noise,1,323
4,326,noise,1,841
4,327,no_noise,1,115
4,328,no_noise,1,749
4,329,noise,1,450
4,330,noise,2,823
4,331,noise,2,485
4,332,no_noise,1,904
4,333,no_noise,2,46
4,334,noise,4,588
4,335,no_noise,4,153
4,336,noise,4,416
4,337,noise,2,177
4,338,noise,2,533
4,339,noise,4,494
4,340,no_noise,1,407
4,341,noise,1,14
4,342,noise,2,342
4,343,no_noise,1,761
4,344,no_noise,4,641
4,345,no_noise,1,552
4,346,no_noise,1,73
4,347,noise,4,807
4,348,no_noise,1,832
4,349,no_noise,1,439
4,350,noise,1,829
4,351,noise,1,17
4,352,no_noise,1,659
4,353,noise,1,102
4,354,no_noise,1,435
4,355,no_noise,4,117
4,356,no_noise,1,895
4,357,no_noise,2,388
4,358,noise,1,810
4,359,no_noise,1,340
4,360,no_noise,1,888
4,361,noise,4,351
4,362,no_noise,4,413
4,363,no_noise,2,628
4,364,noise,1,171
4,365,no_noise,4,766
4,366,no_noise,4,553
4,367,no_noise,4,327
4,368,no_noise,1,403
4,369,no_noise,4,151
4,370,noise,2,510
4,371,noise,2,70
4,372,noise,2,700
4,373,noise,1,609
4,374,no_noise,2,10
4,375,no_noise,1,16
4,376,no_noise,1,204
4,377,no_noise,4,192
4,378,no_noise,4,93
4,379,noise,4,469
4,380,noise,1,565
4,381,no_noise,1,514
4,382,noise,1,760
4,383,noise,4,392
4,384,no_noise,2,887
4,385,no_noise,4,122
4,386,no_noise,2,489
4,387,noise,2,624
4,388,no_noise,1,844
4,389,no_noise,2,118
4,390,noise,2,209
4,391,no_noise,1,601
4,392,noise,4,77
4,393,no_noise,1,891
4,394,noise,2,578
4,395,no_noise,4,467
4,396,noise,2,758
4,397,noise,1,869
4,398,noise,4,739
4,399,no_noise,1,506
4,400,no_noise,1,741
