prot_id,trial_id,noise_present,no_targets,trajectory_id
8,701,no_noise,4,561
8,702,noise,1,824
8,703,noise,2,457
8,704,noise,1,331
8,705,no_noise,2,345
8,706,no_noise,4,693
8,707,noise,2,827
8,708,noise,1,678
8,709,noise,1,646
8,710,no_noise,4,902
8,711,no_noise,1,114
8,712,no_noise,2,187
8,713,no_noise,1,809
8,714,no_noise,1,838
8,715,no_noise,2,272
8,716,noise,1,37
8,717,noise,1,235
8,718,no_noise,2,857
8,719,no_noise,1,723
8,720,no_noise,2,309
8,721,no_noise,1,786
8,722,noise,1,752
8,723,no_noise,4,666
8,724,noise,1,500
8,725,noise,1,508
8,726,no_noise,2,621
8,727,no_noise,2,405
8,728,noise,4,509
8,729,no_noise,1,637
8,730,no_noise,4,446
8,731,no_noise,4,634
8,732,noise,4,644
8,733,no_noise,2,581
8,734,noise,2,571
8,735,no_noise,1,390
8,736,noise,2,478
8,737,noise,1,471
8,738,no_noise,2,69
8,739,noise,2,141
8,740,noise,1,503
8,741,no_noise,4,687
8,742,noise,4,896
8,743,noise,1,276
8,744,noise,2,582
8,745,no_noise,4,218
8,746,noise,4,195
8,747,no_noise,1,556
8,748,no_noise,2,88
8,749,no_noise,4,206
8,750,no_noise,4,239
8,751,no_noise,4,213
8,752,noise,1,408
8,753,no_noise,2,132
8,754,noise,1,802
8,755,noise,4,197
8,756,noise,1,783
8,757,noise,1,34
8,758,no_noise,2,383
8,759,noise,2,902
8,760,no_noise,4,746
8,761,no_noise,2,172
8,762,no_noise,1,720
8,763,no_noise,2,837
8,764,no_noise,4,775
8,765,noise,4,563
8,766,noise,1,353
8,767,noise,1,312
8,768,noise,4,320
8,769,noise,4,155
8,770,no_noise,4,894
8,771,no_noise,2,507
8,772,no_noise,2,259
8,773,noise,4,819
8,774,no_noise,2,850
8,775,noise,2,98
8,776,no_noise,2,632
8,777,no_noise,2,855
8,778,no_noise,2,727
8,779,no_noise,4,301
8,780,noise,1,7
8,781,no_noise,4,355
8,782,noise,2,75
8,783,no_noise,2,76
8,784,no_noise,1,782
8,785,no_noise,2,839
8,786,noise,1,900
8,787,no_noise,2,604
8,788,no_noise,4,92
8,789,no_noise,2,261
8,790,no_noise,4,420
8,791,noise,1,899
8,792,no_noise,2,751
8,793,no_noise,4,713
8,794,noise,1,898
8,795,no_noise,1,60
8,796,noise,2,277
8,797,no_noise,2,329
8,798,noise,4,133
8,799,noise,4,400
8,800,no_noise,1,636
