prot_id,trial_id,noise_present,no_targets,trajectory_id
9,801,no_noise,2,94
9,802,noise,1,250
9,803,noise,2,716
9,804,noise,2,391
9,805,no_noise,4,82
9,806,no_noise,1,501
9,807,no_noise,4,305
9,808,no_noise,2,620
9,809,no_noise,2,889
9,810,no_noise,2,517
9,811,no_noise,4,870
9,812,no_noise,4,139
9,813,no_noise,2,260
9,814,no_noise,1,275
9,815,noise,1,755
9,816,noise,2,146
9,817,noise,4,97
9,818,no_noise,1,43
9,819,noise,4,12
9,820,noise,1,881
9,821,noise,1,596
9,822,no_noise,1,744
9,823,noise,1,350
9,824,no_noise,4,196
9,825,no_noise,2,513
9,826,no_noise,2,39
9,827,noise,1,71
9,828,no_noise,2,573
9,829,no_noise,4,50
9,830,noise,2,292
9,831,noise,4,113
9,832,noise,2,859
9,833,no_noise,4,465
9,834,noise,4,532
9,835,noise,4,375
9,836,no_noise,2,125
9,837,no_noise,4,387
9,838,no_noise,1,595
9,839,noise,1,688
9,840,noise,1,840
9,841,noise,1,334
9,842,noise,2,546
9,843,noise,4,842
9,844,no_noise,2,307
9,845,no_noise,4,154
9,846,noise,1,31
9,847,no_noise,1,560
9,848,no_noise,2,318
9,849,no_noise,4,240
9,850,no_noise,1,861
9,851,no_noise,1,87
9,852,no_noise,1,65
9,853,noise,4,455
9,854,noise,4,136
9,855,no_noise,2,200
9,856,no_noise,2,238
9,857,noise,1,110
9,858,no_noise,1,773
9,859,noise,4,575
9,860,noise,4,116
9,861,noise,2,230
9,862,no_noise,1,417
9,863,no_noise,4,576
9,864,noise,1,642
9,865,no_noise,2,705
9,866,no_noise,4,550
9,867,no_noise,4,585
9,868,noise,4,186
9,869,no_noise,2,867
9,870,no_noise,2,121
9,871,noise,1,778
9,872,no_noise,4,100
9,873,no_noise,1,719
9,874,noise,4,792
9,875,no_noise,4,338
9,876,noise,4,123
9,877,no_noise,1,328
9,878,no_noise,2,107
9,879,noise,1,519
9,880,noise,1,48
9,881,no_noise,1,143
9,882,noise,2,750
9,883,no_noise,4,864
9,884,no_noise,2,166
9,885,noise,2,255
9,886,noise,1,843
9,887,noise,1,300
9,888,noise,4,11
9,889,no_noise,1,562
9,890,noise,4,505
9,891,no_noise,2,743
9,892,noise,2,29
9,893,noise,1,419
9,894,no_noise,2,873
9,895,no_noise,4,369
9,896,noise,4,696
9,897,noise,4,715
9,898,no_noise,4,854
9,899,noise,1,91
9,900,noise,4,41
