prot_id,trial_id,noise_present,no_targets,trajectory_id
7,601,noise,4,188
7,602,noise,4,254
7,603,no_noise,1,129
7,604,noise,2,882
7,605,no_noise,4,431
7,606,noise,2,460
7,607,noise,4,490
7,608,no_noise,1,530
7,609,no_noise,2,765
7,610,noise,1,176
7,611,noise,2,280
7,612,no_noise,1,699
7,613,no_noise,4,44
7,614,noise,4,558
7,615,no_noise,2,903
7,616,noise,2,732
7,617,no_noise,1,339
7,618,no_noise,2,321
7,619,no_noise,2,635
7,620,noise,1,679
7,621,no_noise,2,825
7,622,no_noise,2,726
7,623,no_noise,4,721
7,624,noise,1,147
7,625,no_noise,1,380
7,626,no_noise,4,402
7,627,noise,1,645
7,628,noise,2,600
7,629,noise,1,790
7,630,noise,4,335
7,631,no_noise,1,293
7,632,no_noise,4,631
7,633,no_noise,1,906
7,634,no_noise,1,379
7,635,no_noise,1,697
7,636,no_noise,2,156
7,637,noise,1,185
7,638,noise,2,593
7,639,no_noise,2,647
7,640,noise,1,423
7,641,noise,4,704
7,642,no_noise,1,754
7,643,noise,2,281
7,644,no_noise,4,130
7,645,no_noise,4,756
7,646,noise,4,833
7,647,noise,2,112
7,648,noise,2,322
7,649,noise,4,249
7,650,noise,2,607
7,651,noise,4,470
7,652,noise,1,905
7,653,noise,1,79
7,654,noise,2,184
7,655,noise,2,30
7,656,no_noise,2,223
7,657,noise,4,616
7,658,noise,4,451
7,659,noise,4,111
7,660,no_noise,1,785
7,661,no_noise,2,890
7,662,no_noise,4,904
7,663,no_noise,2,198
7,664,no_noise,1,448
7,665,noise,1,703
7,666,no_noise,2,657
7,667,no_noise,1,308
7,668,no_noise,2,591
7,669,no_noise,4,613
7,670,noise,2,326
7,671,noise,2,447
7,672,noise,4,577
7,673,noise,2,119
7,674,no_noise,1,399
7,675,noise,2,736
7,676,noise,2,830
7,677,noise,1,710
7,678,no_noise,1,212
7,679,noise,1,104
7,680,no_noise,1,858
7,681,no_noise,1,801
7,682,no_noise,4,709
7,683,noise,4,169
7,684,noise,2,282
7,685,noise,1,572
7,686,noise,2,306
7,687,no_noise,2,788
7,688,no_noise,4,245
7,689,noise,4,602
7,690,noise,1,525
7,691,noise,2,458
7,692,noise,1,401
7,693,noise,1,484
7,694,noise,4,348
7,695,noise,4,137
7,696,noise,2,901
7,697,noise,4,776
7,698,no_noise,1,42
7,699,noise,1,472
7,700,no_noise,4,290
