prot_id,trial_id,noise_present,no_targets,trajectory_id
5,401,noise,4,360
5,402,no_noise,2,295
5,403,noise,4,694
5,404,noise,2,294
5,405,noise,4,684
5,406,noise,2,491
5,407,noise,2,361
5,408,no_noise,1,818
5,409,noise,1,820
5,410,no_noise,2,487
5,411,no_noise,2,211
5,412,noise,4,284
5,413,no_noise,4,20
5,414,noise,1,226
5,415,noise,4,617
5,416,noise,2,414
5,417,no_noise,4,232
5,418,noise,1,708
5,419,noise,1,529
5,420,no_noise,4,717
5,421,no_noise,1,586
5,422,no_noise,4,127
5,423,noise,4,66
5,424,noise,1,236
5,425,no_noise,4,63
5,426,noise,2,516
5,427,no_noise,2,734
5,428,noise,1,35
5,429,no_noise,1,257
5,430,no_noise,2,346
5,431,noise,1,862
5,432,no_noise,2,868
5,433,no_noise,4,759
5,434,noise,2,674
5,435,noise,1,740
5,436,noise,4,126
5,437,no_noise,1,178
5,438,noise,2,180
5,439,noise,2,811
5,440,no_noise,2,860
5,441,noise,4,654
5,442,noise,2,68
5,443,noise,2,162
5,444,noise,2,815
5,445,no_noise,4,849
5,446,no_noise,4,706
5,447,noise,1,728
5,448,no_noise,4,817
5,449,noise,4,40
5,450,noise,2,787
5,451,noise,4,428
5,452,noise,2,690
5,453,noise,2,598
5,454,no_noise,4,358
5,455,no_noise,2,504
5,456,noise,1,384
5,457,noise,1,680
5,458,noise,2,371
5,459,no_noise,4,289
5,460,noise,2,365
5,461,no_noise,4,297
5,462,no_noise,2,262
5,463,no_noise,4,99
5,464,noise,2,675
5,465,noise,2,753
5,466,noise,4,337
5,467,no_noise,4,382
5,468,no_noise,1,543
5,469,noise,4,526
5,470,no_noise,1,72
5,471,noise,1,19
5,472,noise,4,897
5,473,noise,1,229
5,474,no_noise,4,718
5,475,no_noise,4,695
5,476,no_noise,1,225
5,477,no_noise,1,175
5,478,no_noise,1,828
5,479,noise,2,874
5,480,no_noise,2,202
5,481,no_noise,4,545
5,482,no_noise,1,62
5,483,no_noise,4,813
5,484,no_noise,4,303
5,485,noise,2,652
5,486,noise,2,762
5,487,noise,4,274
5,488,no_noise,1,583
5,489,no_noise,1,364
5,490,noise,4,181
5,491,noise,2,224
5,492,no_noise,1,22
5,493,noise,1,872
5,494,noise,4,763
5,495,noise,1,579
5,496,noise,1,797
5,497,no_noise,2,27
5,498,noise,2,242
5,499,noise,2,779
5,500,no_noise,2,523
