prot_id,trial_id,noise_present,no_targets,trajectory_id
3,201,no_noise,1,179
3,202,no_noise,1,886
3,203,no_noise,4,574
3,204,no_noise,4,745
3,205,no_noise,2,157
3,206,noise,4,256
3,207,noise,2,279
3,208,noise,4,359
3,209,no_noise,1,23
3,210,no_noise,4,67
3,211,no_noise,1,330
3,212,no_noise,1,285
3,213,no_noise,4,764
3,214,noise,4,150
3,215,no_noise,1,444
3,216,noise,4,615
3,217,no_noise,1,475
3,218,noise,2,606
3,219,noise,4,685
3,220,no_noise,4,496
3,221,no_noise,1,411
3,222,noise,2,630
3,223,noise,1,804
3,224,no_noise,4,548
3,225,no_noise,2,698
3,226,noise,1,454
3,227,noise,1,570
3,228,no_noise,4,105
3,229,noise,4,194
3,230,noise,1,729
3,231,no_noise,1,190
3,232,no_noise,2,283
3,233,no_noise,2,462
3,234,noise,1,611
3,235,noise,1,871
3,236,noise,2,270
3,237,no_noise,4,354
3,238,noise,2,397
3,239,noise,2,347
3,240,noise,1,822
3,241,noise,2,80
3,242,no_noise,2,441
3,243,no_noise,4,673
3,244,no_noise,2,542
3,245,noise,2,394
3,246,no_noise,2,879
3,247,no_noise,4,430
3,248,noise,4,215
3,249,noise,1,265
3,250,noise,2,495
3,251,noise,2,735
3,252,noise,4,668
3,253,no_noise,1,418
3,254,no_noise,1,333
3,255,no_noise,2,299
3,256,noise,1,814
3,257,noise,4,459
3,258,no_noise,4,784
3,259,noise,2,253
3,260,noise,4,363
3,261,noise,1,524
3,262,no_noise,2,878
3,263,noise,4,848
3,264,no_noise,4,138
3,265,no_noise,2,875
3,266,no_noise,4,911
3,267,noise,4,228
3,268,noise,4,910
3,269,no_noise,4,463
3,270,noise,4,74
3,271,no_noise,1,625
3,272,noise,2,663
3,273,noise,2,84
3,274,no_noise,4,456
3,275,no_noise,1,909
3,276,no_noise,4,144
3,277,no_noise,1,51
3,278,no_noise,1,660
3,279,noise,2,199
3,280,noise,4,149
3,281,no_noise,1,667
3,282,noise,2,233
3,283,noise,1,568
3,284,noise,1,244
3,285,noise,4,492
3,286,noise,4,549
3,287,noise,4,905
3,288,noise,1,163
3,289,noise,4,367
3,290,no_noise,1,214
3,291,no_noise,2,429
3,292,noise,4,443
3,293,no_noise,2,468
3,294,noise,2,893
3,295,no_noise,1,8
3,296,no_noise,2,885
3,297,no_noise,4,381
3,298,no_noise,4,689
3,299,no_noise,2,742
3,300,noise,4,316
