prot_id,trial_id,noise_present,no_targets,trajectory_id
1,1,noise,4,537
1,2,noise,2,836
1,3,noise,4,544
1,4,no_noise,2,482
1,5,noise,4,651
1,6,no_noise,1,474
1,7,no_noise,1,569
1,8,noise,1,344
1,9,noise,1,168
1,10,noise,2,152
1,11,no_noise,1,373
1,12,no_noise,4,805
1,13,noise,1,49
1,14,noise,2,9
1,15,noise,4,227
1,16,noise,4,315
1,17,no_noise,2,461
1,18,no_noise,1,134
1,19,noise,1,796
1,20,no_noise,1,217
1,21,noise,4,772
1,22,no_noise,2,287
1,23,no_noise,1,686
1,24,noise,4,313
1,25,no_noise,4,191
1,26,no_noise,1,791
1,27,noise,2,883
1,28,noise,4,13
1,29,noise,1,638
1,30,no_noise,2,479
1,31,no_noise,2,774
1,32,no_noise,1,608
1,33,no_noise,2,341
1,34,no_noise,1,880
1,35,noise,2,436
1,36,noise,4,851
1,37,noise,1,216
1,38,no_noise,1,96
1,39,noise,2,193
1,40,no_noise,4,711
1,41,noise,4,208
1,42,noise,1,58
1,43,noise,4,296
1,44,no_noise,2,559
1,45,noise,1,159
1,46,noise,1,160
1,47,noise,2,161
1,48,noise,1,640
1,49,noise,2,567
1,50,no_noise,4,527
1,51,noise,1,59
1,52,noise,1,738
1,53,noise,4,676
1,54,no_noise,2,38
1,55,no_noise,1,707
1,56,no_noise,4,555
1,57,no_noise,2,661
1,58,no_noise,4,251
1,59,no_noise,2,389
1,60,noise,1,78
1,61,no_noise,2,701
1,62,no_noise,2,731
1,63,no_noise,2,83
1,64,no_noise,1,422
1,65,no_noise,4,725
1,66,noise,2,650
1,67,no_noise,1,103
1,68,noise,4,622
1,69,no_noise,4,314
1,70,no_noise,2,748
1,71,noise,1,512
1,72,no_noise,1,57
1,73,noise,4,24
1,74,noise,4,597
1,75,noise,2,45
1,76,noise,2,901
1,77,no_noise,2,789
1,78,noise,2,480
1,79,no_noise,1,135
1,80,noise,2,220
1,81,no_noise,1,592
1,82,noise,1,906
1,83,noise,4,18
1,84,noise,2,247
1,85,noise,4,733
1,86,noise,4,800
1,87,no_noise,1,540
1,88,noise,1,410
1,89,no_noise,4,795
1,90,no_noise,4,386
1,91,no_noise,4,473
1,92,noise,2,21
1,93,no_noise,4,835
1,94,noise,4,798
1,95,no_noise,4,714
1,96,noise,4,278
1,97,no_noise,4,531
1,98,no_noise,1,311
1,99,no_noise,1,406
1,100,noise,1,385
