prot_id,trial_id,noise_present,no_targets,trajectory_id
6,501,noise,1,22
6,502,noise,1,425
6,503,noise,4,615
6,504,noise,4,145
6,505,noise,4,538
6,506,no_noise,2,737
6,507,no_noise,1,399
6,508,noise,1,579
6,509,noise,1,805
6,510,no_noise,4,101
6,511,no_noise,4,204
6,512,noise,2,626
6,513,noise,2,115
6,514,noise,2,383
6,515,no_noise,1,639
6,516,no_noise,2,381
6,517,noise,1,621
6,518,noise,4,61
6,519,noise,4,648
6,520,no_noise,1,652
6,521,noise,4,768
6,522,no_noise,2,76
6,523,no_noise,2,261
6,524,noise,1,21
6,525,noise,1,555
6,526,noise,4,124
6,527,noise,4,41
6,528,noise,4,366
6,529,no_noise,1,726
6,530,noise,4,219
6,531,noise,2,198
6,532,noise,2,884
6,533,noise,4,237
6,534,noise,1,80
6,535,no_noise,2,330
6,536,no_noise,1,39
6,537,noise,2,355
6,538,noise,4,509
6,539,no_noise,4,244
6,540,noise,2,869
6,541,noise,2,754
6,542,no_noise,2,164
6,543,noise,1,651
6,544,noise,1,389
6,545,noise,2,873
6,546,no_noise,4,561
6,547,no_noise,1,872
6,548,noise,4,526
6,549,no_noise,4,888
6,550,no_noise,4,865
6,551,noise,4,156
6,552,noise,1,162
6,553,no_noise,4,637
6,554,noise,4,786
6,555,noise,4,489
6,556,no_noise,1,586
6,557,no_noise,1,456
6,558,no_noise,4,820
6,559,noise,2,725
6,560,no_noise,1,546
6,561,no_noise,4,144
6,562,noise,1,90
6,563,noise,1,874
6,564,no_noise,4,585
6,565,noise,2,566
6,566,no_noise,1,123
6,567,noise,4,762
6,568,no_noise,4,750
6,569,no_noise,1,496
6,570,no_noise,1,607
6,571,noise,2,448
6,572,noise,1,265
6,573,no_noise,4,578
6,574,noise,1,285
6,575,no_noise,4,823
6,576,no_noise,2,464
6,577,no_noise,4,320
6,578,no_noise,1,685
6,579,no_noise,4,892
6,580,no_noise,2,650
6,581,noise,1,189
6,582,no_noise,1,658
6,583,no_noise,2,453
6,584,noise,1,611
6,585,noise,4,715
6,586,no_noise,4,249
6,587,noise,1,897
6,588,noise,1,777
6,589,noise,1,71
6,590,no_noise,4,625
6,591,no_noise,4,788
6,592,no_noise,4,139
6,593,noise,4,612
6,594,no_noise,1,560
6,595,noise,2,74
6,596,noise,4,360
6,597,noise,4,548
6,598,no_noise,1,137
6,599,no_noise,2,875
6,600,noise,4,714
