prot_id,trial_id,noise_present,no_targets,trajectory_id
4,301,noise,1,910
4,302,noise,1,511
4,303,noise,2,378
4,304,no_noise,4,309
4,305,no_noise,4,549
4,306,noise,2,796
4,307,no_noise,2,661
4,308,noise,4,43
4,309,no_noise,2,175
4,310,no_noise,4,382
4,311,noise,4,348
4,312,no_noise,4,593
4,313,noise,1,679
4,314,no_noise,4,447
4,315,no_noise,2,232
4,316,noise,2,903
4,317,noise,4,792
4,318,no_noise,1,390
4,319,no_noise,2,392
4,320,noise,4,393
4,321,noise,4,584
4,322,no_noise,1,846
4,323,noise,1,7
4,324,no_noise,2,670
4,325,noise,2,829
4,326,no_noise,1,24
4,327,noise,2,525
4,328,noise,2,59
4,329,no_noise,2,459
4,330,no_noise,1,475
4,331,noise,2,303
4,332,noise,2,856
4,333,no_noise,1,531
4,334,noise,2,814
4,335,noise,4,120
4,336,no_noise,2,513
4,337,noise,4,529
4,338,noise,1,403
4,339,no_noise,1,353
4,340,no_noise,1,364
4,341,noise,1,781
4,342,noise,4,154
4,343,noise,1,49
4,344,noise,2,82
4,345,no_noise,1,646
4,346,no_noise,4,799
4,347,noise,1,173
4,348,no_noise,1,131
4,349,noise,2,766
4,350,no_noise,4,806
4,351,noise,2,413
4,352,no_noise,1,903
4,353,no_noise,4,304
4,354,noise,1,51
4,355,noise,1,666
4,356,no_noise,1,624
4,357,no_noise,1,58
4,358,no_noise,1,604
4,359,noise,1,313
4,360,no_noise,1,723
4,361,noise,2,342
4,362,no_noise,1,250
4,363,no_noise,4,442
4,364,no_noise,1,732
4,365,no_noise,4,336
4,366,noise,1,187
4,367,noise,2,211
4,368,no_noise,4,306
4,369,no_noise,4,739
4,370,no_noise,2,148
4,371,noise,4,483
4,372,noise,4,404
4,373,no_noise,4,606
4,374,noise,2,72
4,375,noise,1,492
4,376,noise,1,580
4,377,no_noise,4,297
4,378,no_noise,4,573
4,379,no_noise,4,721
4,380,noise,4,782
4,381,no_noise,2,238
4,382,noise,4,895
4,383,no_noise,2,736
4,384,no_noise,2,142
4,385,noise,4,902
4,386,no_noise,1,512
4,387,no_noise,4,283
4,388,no_noise,2,742
4,389,no_noise,4,819
4,390,noise,4,563
4,391,no_noise,1,275
4,392,no_noise,1,230
4,393,noise,1,843
4,394,noise,4,200
4,395,noise,4,103
4,396,noise,1,551
4,397,noise,4,909
4,398,no_noise,4,267
4,399,noise,1,474
4,400,no_noise,1,853
