prot_id,trial_id,noise_present,no_targets,trajectory_id
2,101,noise,4,887
2,102,noise,1,594
2,103,noise,2,15
2,104,noise,1,499
2,105,no_noise,1,904
2,106,no_noise,2,295
2,107,noise,2,102
2,108,noise,2,111
2,109,noise,2,501
2,110,noise,4,821
2,111,noise,1,795
2,112,noise,2,256
2,113,no_noise,4,315
2,114,noise,1,299
2,115,no_noise,1,765
2,116,no_noise,2,588
2,117,no_noise,2,704
2,118,no_noise,4,73
2,119,noise,2,281
2,120,noise,4,122
2,121,noise,1,672
2,122,no_noise,2,556
2,123,no_noise,4,832
2,124,noise,1,177
2,125,no_noise,2,741
2,126,no_noise,2,684
2,127,noise,2,349
2,128,no_noise,1,89
2,129,no_noise,2,18
2,130,noise,4,802
2,131,noise,2,317
2,132,no_noise,1,100
2,133,no_noise,4,212
2,134,no_noise,2,558
2,135,no_noise,4,891
2,136,noise,1,590
2,137,noise,4,194
2,138,noise,1,359
2,139,noise,1,515
2,140,no_noise,1,748
2,141,no_noise,2,751
2,142,no_noise,1,446
2,143,no_noise,1,491
2,144,noise,4,172
2,145,noise,4,708
2,146,no_noise,1,40
2,147,noise,4,395
2,148,noise,1,335
2,149,no_noise,4,722
2,150,noise,4,374
2,151,noise,2,414
2,152,no_noise,4,445
2,153,no_noise,4,68
2,154,noise,2,140
2,155,no_noise,2,616
2,156,no_noise,2,46
2,157,no_noise,1,595
2,158,noise,2,527
2,159,noise,4,719
2,160,noise,2,813
2,161,no_noise,2,331
2,162,no_noise,1,293
2,163,noise,2,97
2,164,no_noise,1,363
2,165,noise,1,641
2,166,noise,4,11
2,167,no_noise,4,151
2,168,noise,4,653
2,169,no_noise,1,734
2,170,no_noise,4,592
2,171,no_noise,1,166
2,172,noise,4,476
2,173,no_noise,4,837
2,174,no_noise,4,235
2,175,no_noise,2,118
2,176,no_noise,4,733
2,177,noise,2,10
2,178,noise,2,31
2,179,no_noise,2,367
2,180,no_noise,1,849
2,181,no_noise,2,410
2,182,noise,2,23
2,183,noise,1,801
2,184,no_noise,4,444
2,185,noise,4,767
2,186,no_noise,2,289
2,187,noise,2,218
2,188,no_noise,1,695
2,189,no_noise,2,113
2,190,noise,1,291
2,191,noise,2,600
2,192,noise,2,753
2,193,noise,4,700
2,194,no_noise,2,276
2,195,no_noise,4,681
2,196,no_noise,2,462
2,197,noise,2,693
2,198,noise,1,808
2,199,no_noise,2,423
2,200,no_noise,2,868
