prot_id,trial_id,noise_present,no_targets,trajectory_id
3,201,noise,1,32
3,202,noise,4,638
3,203,no_noise,1,356
3,204,no_noise,4,902
3,205,no_noise,4,866
3,206,no_noise,2,506
3,207,noise,1,614
3,208,noise,1,791
3,209,noise,4,12
3,210,noise,1,485
3,211,no_noise,1,262
3,212,no_noise,2,332
3,213,no_noise,2,743
3,214,no_noise,4,752
3,215,noise,2,494
3,216,no_noise,1,562
3,217,noise,1,206
3,218,noise,2,406
3,219,noise,2,660
3,220,no_noise,2,334
3,221,noise,4,217
3,222,noise,4,706
3,223,no_noise,1,93
3,224,no_noise,4,380
3,225,no_noise,4,427
3,226,no_noise,2,507
3,227,noise,4,104
3,228,no_noise,4,272
3,229,no_noise,1,69
3,230,noise,2,822
3,231,noise,4,437
3,232,no_noise,4,534
3,233,noise,2,906
3,234,noise,4,431
3,235,noise,1,790
3,236,noise,2,793
3,237,noise,1,351
3,238,no_noise,4,877
3,239,no_noise,1,662
3,240,noise,4,65
3,241,noise,2,246
3,242,no_noise,4,407
3,243,no_noise,4,516
3,244,noise,2,13
3,245,no_noise,2,329
3,246,noise,1,397
3,247,noise,1,699
3,248,noise,1,224
3,249,no_noise,4,680
3,250,noise,4,557
3,251,no_noise,1,908
3,252,no_noise,2,836
3,253,no_noise,1,107
3,254,noise,4,127
3,255,noise,2,371
3,256,no_noise,4,160
3,257,no_noise,1,537
3,258,no_noise,4,539
3,259,no_noise,4,78
3,260,noise,2,296
3,261,no_noise,4,847
3,262,noise,4,248
3,263,noise,2,391
3,264,no_noise,2,894
3,265,noise,4,287
3,266,noise,4,239
3,267,noise,2,864
3,268,noise,4,759
3,269,noise,1,834
3,270,noise,4,279
3,271,noise,4,228
3,272,no_noise,2,691
3,273,noise,2,907
3,274,no_noise,1,559
3,275,noise,2,16
3,276,no_noise,2,83
3,277,noise,1,337
3,278,no_noise,1,876
3,279,no_noise,2,327
3,280,no_noise,2,608
3,281,no_noise,1,623
3,282,noise,2,227
3,283,noise,1,197
3,284,noise,1,282
3,285,no_noise,1,675
3,286,noise,1,44
3,287,noise,2,901
3,288,no_noise,1,278
3,289,noise,1,401
3,290,no_noise,2,657
3,291,noise,4,326
3,292,noise,2,9
3,293,no_noise,1,676
3,294,no_noise,2,543
3,295,no_noise,2,688
3,296,no_noise,4,830
3,297,no_noise,1,457
3,298,noise,1,8
3,299,no_noise,4,247
3,300,noise,4,686
