prot_id,trial_id,noise_present,no_targets,trajectory_id
5,401,noise,1,184
5,402,no_noise,2,55
5,403,noise,4,713
5,404,no_noise,1,67
5,405,no_noise,2,728
5,406,noise,4,825
5,407,noise,1,338
5,408,no_noise,1,167
5,409,noise,2,372
5,410,no_noise,2,807
5,411,no_noise,1,77
5,412,no_noise,2,622
5,413,noise,4,17
5,414,noise,1,308
5,415,no_noise,4,899
5,416,no_noise,2,36
5,417,no_noise,2,784
5,418,noise,1,774
5,419,no_noise,1,654
5,420,noise,1,689
5,421,noise,2,143
5,422,no_noise,4,746
5,423,noise,4,443
5,424,noise,2,550
5,425,noise,2,508
5,426,no_noise,2,134
5,427,noise,2,776
5,428,noise,2,811
5,429,no_noise,4,851
5,430,noise,2,842
5,431,noise,1,417
5,432,no_noise,4,735
5,433,no_noise,1,815
5,434,noise,1,731
5,435,noise,4,709
5,436,no_noise,4,223
5,437,no_noise,1,179
5,438,noise,4,716
5,439,noise,4,352
5,440,no_noise,1,772
5,441,no_noise,1,664
5,442,no_noise,2,800
5,443,noise,1,858
5,444,noise,1,886
5,445,no_noise,1,848
5,446,no_noise,2,619
5,447,noise,4,554
5,448,noise,2,408
5,449,noise,4,152
5,450,no_noise,4,589
5,451,no_noise,4,398
5,452,noise,4,121
5,453,noise,2,385
5,454,no_noise,1,84
5,455,no_noise,1,466
5,456,noise,2,747
5,457,noise,4,745
5,458,noise,4,857
5,459,noise,4,176
5,460,no_noise,1,630
5,461,noise,1,882
5,462,noise,4,798
5,463,no_noise,4,54
5,464,noise,1,116
5,465,noise,1,770
5,466,noise,1,617
5,467,noise,4,213
5,468,noise,1,687
5,469,no_noise,2,911
5,470,no_noise,1,773
5,471,noise,1,636
5,472,no_noise,4,540
5,473,noise,2,170
5,474,no_noise,2,280
5,475,no_noise,4,571
5,476,no_noise,2,292
5,477,no_noise,4,415
5,478,noise,1,294
5,479,no_noise,2,208
5,480,noise,1,435
5,481,noise,2,482
5,482,no_noise,2,480
5,483,noise,4,889
5,484,noise,1,532
5,485,noise,4,598
5,486,no_noise,4,222
5,487,noise,1,307
5,488,noise,1,628
5,489,no_noise,1,66
5,490,no_noise,1,136
5,491,noise,4,572
5,492,no_noise,4,789
5,493,no_noise,2,257
5,494,no_noise,4,376
5,495,noise,2,469
5,496,no_noise,1,597
5,497,noise,2,314
5,498,no_noise,1,779
5,499,no_noise,4,718
5,500,no_noise,4,671
