prot_id,trial_id,noise_present,no_targets,trajectory_id
9,801,noise,1,370
9,802,noise,1,178
9,803,noise,2,467
9,804,no_noise,1,519
9,805,no_noise,4,761
9,806,noise,4,493
9,807,no_noise,4,635
9,808,noise,2,570
9,809,no_noise,2,683
9,810,noise,4,95
9,811,no_noise,4,552
9,812,no_noise,1,312
9,813,noise,1,405
9,814,noise,1,324
9,815,noise,1,273
9,816,no_noise,2,472
9,817,noise,1,659
9,818,no_noise,4,533
9,819,noise,2,632
9,820,no_noise,1,126
9,821,noise,2,236
9,822,no_noise,2,25
9,823,no_noise,4,288
9,824,noise,1,254
9,825,no_noise,4,547
9,826,no_noise,2,323
9,827,no_noise,1,301
9,828,noise,4,253
9,829,noise,4,629
9,830,no_noise,2,343
9,831,no_noise,4,64
9,832,no_noise,2,712
9,833,noise,1,787
9,834,no_noise,2,311
9,835,no_noise,2,221
9,836,no_noise,2,756
9,837,noise,1,705
9,838,noise,1,201
9,839,noise,1,581
9,840,noise,2,500
9,841,no_noise,4,268
9,842,noise,2,328
9,843,noise,4,400
9,844,noise,2,896
9,845,noise,2,881
9,846,no_noise,1,669
9,847,no_noise,2,610
9,848,no_noise,2,203
9,849,no_noise,1,778
9,850,no_noise,1,205
9,851,no_noise,2,510
9,852,no_noise,4,449
9,853,noise,2,310
9,854,no_noise,1,455
9,855,no_noise,2,346
9,856,no_noise,1,214
9,857,no_noise,4,711
9,858,noise,2,517
9,859,noise,4,149
9,860,noise,2,220
9,861,noise,4,904
9,862,no_noise,1,234
9,863,noise,4,87
9,864,noise,2,362
9,865,no_noise,1,833
9,866,noise,4,258
9,867,no_noise,2,168
9,868,no_noise,2,844
9,869,noise,2,429
9,870,no_noise,4,264
9,871,noise,4,701
9,872,no_noise,4,678
9,873,no_noise,4,757
9,874,noise,1,416
9,875,noise,4,460
9,876,noise,4,300
9,877,noise,4,471
9,878,no_noise,2,229
9,879,noise,2,42
9,880,noise,2,783
9,881,noise,1,465
9,882,no_noise,2,439
9,883,no_noise,2,763
9,884,noise,2,216
9,885,no_noise,2,411
9,886,no_noise,2,859
9,887,noise,2,325
9,888,noise,4,379
9,889,no_noise,1,242
9,890,noise,2,368
9,891,noise,1,243
9,892,no_noise,2,421
9,893,noise,1,730
9,894,no_noise,2,432
9,895,no_noise,4,631
9,896,noise,1,114
9,897,noise,1,812
9,898,noise,1,321
9,899,noise,1,193
9,900,noise,1,369
