prot_id,trial_id,noise_present,no_targets,trajectory_id
8,701,no_noise,4,855
8,702,noise,4,20
8,703,no_noise,2,150
8,704,noise,1,840
8,705,no_noise,1,674
8,706,noise,1,290
8,707,noise,1,110
8,708,no_noise,4,487
8,709,no_noise,2,424
8,710,no_noise,2,358
8,711,noise,4,316
8,712,no_noise,4,602
8,713,no_noise,2,117
8,714,no_noise,1,56
8,715,no_noise,4,797
8,716,no_noise,1,274
8,717,no_noise,1,785
8,718,no_noise,4,724
8,719,no_noise,1,605
8,720,no_noise,2,322
8,721,noise,2,535
8,722,no_noise,4,91
8,723,no_noise,1,818
8,724,noise,1,816
8,725,noise,1,182
8,726,no_noise,1,633
8,727,no_noise,1,569
8,728,no_noise,2,135
8,729,noise,1,528
8,730,no_noise,2,634
8,731,noise,4,340
8,732,noise,2,426
8,733,no_noise,2,591
8,734,noise,4,252
8,735,no_noise,2,106
8,736,no_noise,1,94
8,737,no_noise,2,906
8,738,no_noise,1,486
8,739,no_noise,1,458
8,740,noise,4,828
8,741,noise,1,132
8,742,no_noise,2,583
8,743,no_noise,2,488
8,744,noise,4,86
8,745,no_noise,4,108
8,746,no_noise,4,181
8,747,noise,2,707
8,748,no_noise,4,146
8,749,no_noise,1,603
8,750,noise,2,599
8,751,no_noise,1,838
8,752,no_noise,2,186
8,753,no_noise,4,817
8,754,noise,4,394
8,755,no_noise,1,454
8,756,noise,2,503
8,757,no_noise,4,667
8,758,noise,1,99
8,759,noise,2,387
8,760,no_noise,2,60
8,761,no_noise,1,419
8,762,noise,4,37
8,763,no_noise,2,484
8,764,no_noise,2,433
8,765,noise,2,744
8,766,no_noise,2,463
8,767,noise,1,440
8,768,noise,4,827
8,769,no_noise,4,365
8,770,noise,2,771
8,771,noise,2,357
8,772,noise,2,277
8,773,no_noise,4,79
8,774,noise,1,188
8,775,noise,2,34
8,776,no_noise,4,133
8,777,noise,2,682
8,778,noise,2,298
8,779,no_noise,1,441
8,780,noise,2,29
8,781,noise,4,157
8,782,no_noise,4,112
8,783,no_noise,2,138
8,784,no_noise,2,420
8,785,no_noise,1,333
8,786,noise,1,567
8,787,no_noise,4,760
8,788,no_noise,1,545
8,789,no_noise,1,245
8,790,no_noise,1,155
8,791,no_noise,4,225
8,792,no_noise,4,640
8,793,no_noise,2,514
8,794,noise,1,266
8,795,noise,2,185
8,796,no_noise,4,210
8,797,no_noise,1,199
8,798,noise,2,384
8,799,no_noise,1,350
8,800,noise,4,98
