prot_id,trial_id,noise_present,no_targets,trajectory_id
7,601,noise,1,780
7,602,noise,2,835
7,603,noise,4,255
7,604,noise,4,758
7,605,no_noise,2,153
7,606,no_noise,4,75
7,607,noise,2,698
7,608,noise,2,898
7,609,no_noise,2,609
7,610,no_noise,1,436
7,611,no_noise,2,48
7,612,noise,2,852
7,613,no_noise,4,644
7,614,noise,2,710
7,615,noise,1,544
7,616,noise,4,231
7,617,noise,4,879
7,618,no_noise,2,119
7,619,no_noise,2,794
7,620,no_noise,1,642
7,621,noise,4,703
7,622,no_noise,4,269
7,623,no_noise,1,663
7,624,noise,1,251
7,625,no_noise,2,697
7,626,noise,4,870
7,627,no_noise,2,901
7,628,no_noise,2,809
7,629,no_noise,1,470
7,630,noise,4,861
7,631,no_noise,1,388
7,632,noise,4,180
7,633,noise,1,495
7,634,no_noise,1,109
7,635,no_noise,2,159
7,636,noise,2,209
7,637,no_noise,1,479
7,638,noise,2,461
7,639,no_noise,2,497
7,640,no_noise,4,478
7,641,noise,2,452
7,642,no_noise,1,318
7,643,no_noise,1,92
7,644,noise,2,377
7,645,noise,4,655
7,646,no_noise,4,649
7,647,no_noise,4,28
7,648,no_noise,1,130
7,649,noise,4,141
7,650,noise,4,158
7,651,noise,2,627
7,652,noise,4,883
7,653,no_noise,1,270
7,654,noise,2,803
7,655,no_noise,4,522
7,656,no_noise,1,375
7,657,no_noise,2,665
7,658,no_noise,2,541
7,659,no_noise,2,50
7,660,noise,2,613
7,661,no_noise,2,523
7,662,noise,1,418
7,663,no_noise,1,477
7,664,no_noise,4,690
7,665,noise,4,233
7,666,no_noise,4,62
7,667,noise,4,618
7,668,noise,2,498
7,669,noise,1,536
7,670,noise,4,575
7,671,no_noise,2,574
7,672,noise,4,810
7,673,no_noise,1,504
7,674,noise,1,862
7,675,no_noise,2,845
7,676,noise,2,839
7,677,no_noise,1,259
7,678,no_noise,4,850
7,679,no_noise,4,191
7,680,no_noise,4,450
7,681,noise,2,645
7,682,noise,2,422
7,683,noise,1,171
7,684,noise,4,878
7,685,no_noise,4,468
7,686,noise,4,409
7,687,no_noise,4,30
7,688,noise,4,196
7,689,no_noise,2,402
7,690,noise,1,195
7,691,noise,4,88
7,692,noise,2,717
7,693,noise,4,192
7,694,no_noise,1,129
7,695,noise,2,125
7,696,no_noise,4,347
7,697,no_noise,4,568
7,698,no_noise,2,345
7,699,noise,1,587
7,700,noise,1,47
