prot_id,trial_id,noise_present,no_targets,trajectory_id
1,1,no_noise,1,302
1,2,no_noise,1,729
1,3,noise,1,53
1,4,noise,1,524
1,5,no_noise,2,696
1,6,noise,1,373
1,7,noise,1,775
1,8,noise,1,240
1,9,noise,1,553
1,10,noise,1,905
1,11,no_noise,2,165
1,12,noise,2,867
1,13,noise,1,451
1,14,noise,4,428
1,15,noise,4,885
1,16,no_noise,4,430
1,17,noise,4,890
1,18,noise,1,105
1,19,no_noise,4,854
1,20,noise,2,190
1,21,noise,1,128
1,22,no_noise,4,565
1,23,no_noise,2,727
1,24,no_noise,4,163
1,25,no_noise,1,769
1,26,noise,2,582
1,27,noise,2,749
1,28,no_noise,4,174
1,29,noise,4,386
1,30,no_noise,1,284
1,31,noise,4,656
1,32,no_noise,4,354
1,33,no_noise,2,564
1,34,noise,2,45
1,35,no_noise,2,804
1,36,noise,2,905
1,37,noise,1,339
1,38,noise,4,601
1,39,no_noise,1,52
1,40,no_noise,2,33
1,41,no_noise,4,518
1,42,noise,2,880
1,43,noise,1,35
1,44,noise,1,161
1,45,no_noise,2,871
1,46,noise,2,147
1,47,noise,4,740
1,48,no_noise,2,263
1,49,noise,4,692
1,50,no_noise,4,271
1,51,no_noise,4,96
1,52,noise,2,764
1,53,noise,4,542
1,54,no_noise,1,226
1,55,noise,2,841
1,56,no_noise,4,893
1,57,no_noise,1,668
1,58,noise,2,319
1,59,noise,2,207
1,60,no_noise,2,215
1,61,no_noise,2,577
1,62,no_noise,2,481
1,63,no_noise,1,396
1,64,noise,4,530
1,65,noise,4,344
1,66,noise,1,521
1,67,noise,2,27
1,68,no_noise,1,831
1,69,no_noise,1,202
1,70,no_noise,1,673
1,71,noise,2,361
1,72,noise,1,694
1,73,no_noise,1,596
1,74,no_noise,1,755
1,75,no_noise,2,63
1,76,no_noise,1,824
1,77,no_noise,4,38
1,78,no_noise,1,860
1,79,noise,2,341
1,80,no_noise,1,490
1,81,no_noise,2,520
1,82,noise,1,502
1,83,noise,1,305
1,84,no_noise,2,738
1,85,noise,1,647
1,86,noise,2,720
1,87,no_noise,2,85
1,88,no_noise,4,576
1,89,no_noise,2,505
1,90,noise,1,900
1,91,no_noise,2,19
1,92,noise,2,81
1,93,noise,4,169
1,94,noise,2,677
1,95,no_noise,4,620
1,96,noise,4,260
1,97,noise,4,473
1,98,noise,2,14
1,99,no_noise,4,57
1,100,no_noise,4,70
