prot_id,trial_id,noise_present,no_targets,trajectory_id
6,501,no_noise,4,256
6,502,noise,4,502
6,503,noise,1,844
6,504,noise,1,121
6,505,no_noise,2,76
6,506,no_noise,2,152
6,507,no_noise,2,547
6,508,no_noise,1,273
6,509,noise,2,903
6,510,no_noise,4,200
6,511,noise,2,240
6,512,no_noise,2,129
6,513,no_noise,2,825
6,514,noise,1,46
6,515,noise,1,868
6,516,noise,4,695
6,517,noise,2,459
6,518,no_noise,4,456
6,519,noise,2,639
6,520,noise,1,187
6,521,noise,2,899
6,522,no_noise,1,814
6,523,noise,2,420
6,524,no_noise,4,821
6,525,no_noise,1,421
6,526,noise,4,733
6,527,no_noise,1,154
6,528,noise,4,186
6,529,noise,4,500
6,530,noise,2,911
6,531,noise,4,263
6,532,no_noise,1,63
6,533,no_noise,2,13
6,534,no_noise,2,133
6,535,no_noise,4,27
6,536,noise,1,577
6,537,no_noise,4,310
6,538,noise,4,774
6,539,noise,4,789
6,540,no_noise,4,828
6,541,noise,2,429
6,542,noise,2,560
6,543,noise,2,283
6,544,noise,4,361
6,545,noise,1,804
6,546,noise,1,66
6,547,noise,2,94
6,548,noise,4,673
6,549,no_noise,4,269
6,550,no_noise,4,572
6,551,noise,4,543
6,552,no_noise,2,297
6,553,noise,2,785
6,554,no_noise,2,15
6,555,no_noise,4,218
6,556,noise,1,373
6,557,noise,4,220
6,558,no_noise,2,564
6,559,no_noise,2,264
6,560,no_noise,4,28
6,561,noise,1,718
6,562,no_noise,4,837
6,563,noise,2,579
6,564,noise,4,161
6,565,noise,1,400
6,566,no_noise,1,810
6,567,no_noise,2,653
6,568,no_noise,1,51
6,569,noise,1,583
6,570,noise,1,867
6,571,noise,1,470
6,572,noise,2,106
6,573,noise,2,795
6,574,noise,2,853
6,575,no_noise,1,512
6,576,noise,4,277
6,577,no_noise,1,368
6,578,no_noise,1,576
6,579,no_noise,2,838
6,580,no_noise,1,402
6,581,noise,1,219
6,582,noise,2,493
6,583,noise,1,315
6,584,noise,4,889
6,585,noise,4,869
6,586,noise,1,775
6,587,no_noise,4,134
6,588,no_noise,1,352
6,589,noise,1,790
6,590,noise,2,544
6,591,noise,2,189
6,592,noise,1,302
6,593,no_noise,1,788
6,594,no_noise,1,501
6,595,no_noise,4,850
6,596,noise,4,712
6,597,no_noise,2,270
6,598,no_noise,4,714
6,599,noise,1,40
6,600,no_noise,2,654
