prot_id,trial_id,noise_present,no_targets,trajectory_id
3,201,noise,2,496
3,202,no_noise,4,882
3,203,no_noise,2,890
3,204,no_noise,2,182
3,205,no_noise,1,769
3,206,noise,2,608
3,207,no_noise,4,721
3,208,noise,1,535
3,209,no_noise,2,30
3,210,noise,1,700
3,211,noise,2,803
3,212,no_noise,4,323
3,213,no_noise,2,587
3,214,no_noise,1,24
3,215,noise,1,56
3,216,no_noise,1,350
3,217,no_noise,2,461
3,218,no_noise,2,433
3,219,noise,1,392
3,220,noise,4,179
3,221,no_noise,4,629
3,222,noise,4,468
3,223,noise,2,813
3,224,noise,1,848
3,225,noise,1,603
3,226,no_noise,2,436
3,227,no_noise,4,806
3,228,noise,4,17
3,229,no_noise,4,81
3,230,noise,2,787
3,231,no_noise,4,330
3,232,noise,4,406
3,233,noise,4,731
3,234,no_noise,1,210
3,235,noise,2,724
3,236,no_noise,1,575
3,237,no_noise,4,514
3,238,no_noise,2,143
3,239,no_noise,4,815
3,240,no_noise,2,369
3,241,noise,2,735
3,242,no_noise,1,476
3,243,noise,1,96
3,244,no_noise,2,87
3,245,noise,4,881
3,246,noise,2,770
3,247,noise,2,174
3,248,no_noise,4,609
3,249,noise,4,444
3,250,no_noise,4,387
3,251,no_noise,1,281
3,252,no_noise,4,658
3,253,no_noise,1,239
3,254,noise,4,565
3,255,noise,4,710
3,256,noise,2,142
3,257,no_noise,1,548
3,258,no_noise,1,345
3,259,noise,4,344
3,260,noise,4,550
3,261,no_noise,1,506
3,262,no_noise,4,539
3,263,no_noise,2,830
3,264,noise,4,906
3,265,no_noise,1,606
3,266,no_noise,1,616
3,267,noise,2,596
3,268,no_noise,2,384
3,269,no_noise,1,225
3,270,no_noise,2,298
3,271,no_noise,1,855
3,272,noise,4,346
3,273,noise,1,275
3,274,no_noise,4,252
3,275,no_noise,1,534
3,276,no_noise,4,772
3,277,no_noise,1,570
3,278,no_noise,4,905
3,279,noise,4,454
3,280,no_noise,1,8
3,281,no_noise,4,481
3,282,no_noise,4,846
3,283,noise,4,196
3,284,no_noise,4,745
3,285,noise,1,566
3,286,noise,4,732
3,287,noise,4,408
3,288,no_noise,1,725
3,289,no_noise,2,104
3,290,no_noise,4,425
3,291,noise,2,396
3,292,noise,2,636
3,293,no_noise,4,520
3,294,no_noise,4,647
3,295,no_noise,4,858
3,296,noise,1,752
3,297,noise,2,808
3,298,no_noise,1,893
3,299,noise,2,407
3,300,no_noise,2,393
