prot_id,trial_id,noise_present,no_targets,trajectory_id
2,101,noise,1,446
2,102,noise,4,382
2,103,noise,1,372
2,104,no_noise,4,568
2,105,no_noise,2,260
2,106,noise,4,42
2,107,no_noise,2,309
2,108,no_noise,2,829
2,109,noise,2,176
2,110,noise,1,614
2,111,noise,4,458
2,112,noise,2,683
2,113,no_noise,4,736
2,114,noise,2,561
2,115,no_noise,1,9
2,116,no_noise,4,527
2,117,noise,2,817
2,118,no_noise,2,849
2,119,noise,4,90
2,120,no_noise,1,907
2,121,noise,2,370
2,122,no_noise,1,405
2,123,no_noise,1,381
2,124,no_noise,1,127
2,125,no_noise,1,793
2,126,no_noise,2,707
2,127,no_noise,1,738
2,128,no_noise,1,383
2,129,noise,1,430
2,130,noise,2,473
2,131,no_noise,4,398
2,132,noise,1,336
2,133,no_noise,4,89
2,134,no_noise,2,739
2,135,no_noise,1,486
2,136,no_noise,1,530
2,137,no_noise,4,20
2,138,no_noise,2,768
2,139,noise,4,663
2,140,no_noise,1,823
2,141,noise,1,414
2,142,no_noise,2,538
2,143,noise,1,522
2,144,noise,1,166
2,145,no_noise,1,116
2,146,noise,1,761
2,147,no_noise,2,227
2,148,noise,4,67
2,149,noise,1,782
2,150,noise,2,115
2,151,noise,1,70
2,152,noise,2,230
2,153,noise,2,692
2,154,noise,2,779
2,155,no_noise,1,248
2,156,noise,4,871
2,157,no_noise,1,713
2,158,no_noise,2,485
2,159,no_noise,2,682
2,160,no_noise,2,646
2,161,no_noise,2,126
2,162,no_noise,1,623
2,163,noise,4,883
2,164,no_noise,4,359
2,165,no_noise,4,160
2,166,noise,1,628
2,167,no_noise,1,181
2,168,no_noise,4,659
2,169,no_noise,1,155
2,170,no_noise,1,74
2,171,no_noise,1,796
2,172,no_noise,4,95
2,173,noise,1,599
2,174,noise,2,816
2,175,no_noise,2,153
2,176,noise,1,730
2,177,noise,2,886
2,178,noise,1,860
2,179,noise,4,453
2,180,no_noise,4,291
2,181,noise,1,835
2,182,noise,4,648
2,183,no_noise,4,83
2,184,no_noise,4,741
2,185,noise,2,418
2,186,no_noise,1,559
2,187,no_noise,1,266
2,188,noise,1,494
2,189,noise,1,670
2,190,noise,4,594
2,191,noise,4,515
2,192,noise,2,41
2,193,noise,2,326
2,194,no_noise,2,177
2,195,no_noise,1,655
2,196,no_noise,4,328
2,197,no_noise,4,360
2,198,noise,2,319
2,199,no_noise,4,423
2,200,noise,1,472
