prot_id,trial_id,noise_present,no_targets,trajectory_id
7,601,noise,4,250
7,602,noise,4,338
7,603,noise,4,209
7,604,no_noise,1,469
7,605,no_noise,2,764
7,606,no_noise,4,61
7,607,no_noise,1,280
7,608,no_noise,1,229
7,609,noise,4,272
7,610,no_noise,1,537
7,611,noise,2,440
7,612,no_noise,1,585
7,613,no_noise,1,114
7,614,noise,4,586
7,615,no_noise,4,363
7,616,no_noise,4,307
7,617,noise,1,756
7,618,no_noise,4,300
7,619,noise,4,99
7,620,noise,2,254
7,621,noise,1,872
7,622,noise,2,909
7,623,noise,4,797
7,624,no_noise,1,633
7,625,no_noise,2,780
7,626,noise,2,337
7,627,no_noise,2,529
7,628,no_noise,2,668
7,629,no_noise,1,85
7,630,noise,2,661
7,631,no_noise,4,601
7,632,no_noise,4,597
7,633,noise,1,590
7,634,noise,1,293
7,635,no_noise,4,91
7,636,no_noise,1,749
7,637,noise,2,621
7,638,noise,2,103
7,639,noise,4,888
7,640,noise,1,526
7,641,no_noise,4,612
7,642,no_noise,1,450
7,643,noise,4,417
7,644,no_noise,2,528
7,645,no_noise,2,79
7,646,noise,4,482
7,647,no_noise,1,303
7,648,noise,4,618
7,649,noise,4,605
7,650,no_noise,2,754
7,651,no_noise,2,637
7,652,noise,2,86
7,653,no_noise,1,84
7,654,no_noise,1,424
7,655,noise,2,148
7,656,no_noise,4,836
7,657,no_noise,2,427
7,658,no_noise,2,573
7,659,noise,2,593
7,660,noise,1,347
7,661,no_noise,4,662
7,662,noise,2,822
7,663,noise,4,55
7,664,noise,4,190
7,665,no_noise,2,306
7,666,noise,1,552
7,667,noise,2,202
7,668,no_noise,1,880
7,669,noise,4,887
7,670,no_noise,1,711
7,671,noise,4,238
7,672,no_noise,4,10
7,673,noise,4,216
7,674,noise,4,197
7,675,no_noise,2,727
7,676,noise,4,262
7,677,no_noise,2,569
7,678,noise,4,204
7,679,noise,2,479
7,680,noise,2,439
7,681,noise,4,818
7,682,no_noise,1,101
7,683,noise,2,445
7,684,no_noise,2,750
7,685,no_noise,4,626
7,686,noise,2,892
7,687,noise,1,111
7,688,noise,2,305
7,689,noise,2,391
7,690,noise,2,130
7,691,noise,4,627
7,692,noise,1,455
7,693,noise,2,762
7,694,noise,4,518
7,695,noise,1,403
7,696,noise,4,60
7,697,noise,2,75
7,698,noise,4,760
7,699,no_noise,1,524
7,700,noise,2,228
