prot_id,trial_id,noise_present,no_targets,trajectory_id
8,701,noise,2,399
8,702,no_noise,4,395
8,703,noise,2,902
8,704,no_noise,1,667
8,705,no_noise,2,353
8,706,no_noise,2,641
8,707,no_noise,2,54
8,708,noise,1,93
8,709,noise,1,891
8,710,noise,2,678
8,711,noise,1,856
8,712,noise,2,630
8,713,noise,1,742
8,714,no_noise,2,554
8,715,no_noise,2,617
8,716,noise,2,686
8,717,noise,1,43
8,718,noise,2,624
8,719,noise,1,35
8,720,no_noise,4,677
8,721,no_noise,2,672
8,722,noise,1,778
8,723,noise,4,362
8,724,noise,4,842
8,725,no_noise,4,691
8,726,no_noise,2,495
8,727,no_noise,4,525
8,728,noise,1,708
8,729,noise,1,78
8,730,no_noise,2,146
8,731,noise,4,694
8,732,no_noise,4,138
8,733,noise,2,110
8,734,noise,1,697
8,735,no_noise,2,644
8,736,noise,2,122
8,737,noise,4,341
8,738,no_noise,2,876
8,739,no_noise,2,198
8,740,no_noise,1,562
8,741,noise,2,540
8,742,noise,2,729
8,743,no_noise,2,650
8,744,noise,4,335
8,745,no_noise,1,150
8,746,no_noise,4,137
8,747,noise,2,195
8,748,noise,2,874
8,749,noise,1,201
8,750,no_noise,2,102
8,751,noise,4,217
8,752,noise,4,226
8,753,noise,4,665
8,754,noise,2,819
8,755,noise,4,386
8,756,noise,2,118
8,757,no_noise,2,47
8,758,noise,4,746
8,759,no_noise,1,367
8,760,noise,2,541
8,761,noise,2,413
8,762,noise,2,211
8,763,noise,2,765
8,764,noise,2,274
8,765,noise,1,484
8,766,no_noise,4,203
8,767,no_noise,2,164
8,768,noise,4,167
8,769,noise,4,184
8,770,no_noise,1,259
8,771,no_noise,4,498
8,772,noise,2,158
8,773,no_noise,2,18
8,774,no_noise,1,244
8,775,no_noise,2,292
8,776,no_noise,2,685
8,777,noise,1,348
8,778,noise,4,144
8,779,no_noise,1,365
8,780,noise,1,706
8,781,noise,2,255
8,782,noise,4,555
8,783,noise,1,843
8,784,no_noise,2,39
8,785,no_noise,4,443
8,786,noise,1,870
8,787,no_noise,1,409
8,788,noise,4,625
8,789,no_noise,2,767
8,790,noise,2,120
8,791,no_noise,4,112
8,792,no_noise,2,802
8,793,no_noise,4,690
8,794,noise,4,513
8,795,no_noise,2,651
8,796,no_noise,1,620
8,797,no_noise,1,600
8,798,no_noise,2,824
8,799,no_noise,4,376
8,800,no_noise,4,276
