prot_id,trial_id,noise_present,no_targets,trajectory_id
1,1,noise,1,339
1,2,noise,1,324
1,3,no_noise,4,246
1,4,noise,4,271
1,5,no_noise,4,388
1,6,no_noise,2,12
1,7,noise,4,165
1,8,noise,1,71
1,9,no_noise,4,809
1,10,no_noise,1,715
1,11,noise,4,173
1,12,no_noise,2,862
1,13,no_noise,2,29
1,14,no_noise,1,604
1,15,noise,4,681
1,16,noise,4,879
1,17,noise,4,242
1,18,no_noise,4,234
1,19,noise,4,758
1,20,noise,1,100
1,21,no_noise,2,205
1,22,noise,2,657
1,23,noise,4,318
1,24,no_noise,2,698
1,25,noise,1,171
1,26,no_noise,4,290
1,27,no_noise,2,329
1,28,no_noise,2,124
1,29,no_noise,1,397
1,30,no_noise,4,578
1,31,no_noise,2,866
1,32,no_noise,1,845
1,33,noise,2,135
1,34,noise,1,62
1,35,noise,2,401
1,36,no_noise,2,901
1,37,noise,2,419
1,38,noise,1,483
1,39,no_noise,2,675
1,40,no_noise,4,448
1,41,noise,2,480
1,42,noise,1,231
1,43,no_noise,4,854
1,44,no_noise,4,477
1,45,no_noise,1,517
1,46,no_noise,4,278
1,47,noise,4,265
1,48,noise,2,192
1,49,noise,4,16
1,50,noise,1,693
1,51,no_noise,1,582
1,52,noise,4,145
1,53,noise,1,223
1,54,no_noise,1,235
1,55,noise,4,532
1,56,no_noise,1,31
1,57,noise,2,557
1,58,noise,4,709
1,59,no_noise,4,642
1,60,no_noise,1,69
1,61,noise,4,588
1,62,no_noise,2,411
1,63,noise,4,542
1,64,noise,1,212
1,65,noise,1,82
1,66,no_noise,1,88
1,67,no_noise,4,296
1,68,noise,1,763
1,69,noise,1,282
1,70,no_noise,1,325
1,71,noise,1,896
1,72,no_noise,2,463
1,73,noise,1,674
1,74,noise,1,232
1,75,noise,4,57
1,76,no_noise,2,878
1,77,noise,1,488
1,78,noise,2,510
1,79,noise,4,462
1,80,noise,1,584
1,81,no_noise,2,723
1,82,noise,1,873
1,83,no_noise,1,699
1,84,noise,1,549
1,85,no_noise,4,475
1,86,no_noise,4,910
1,87,no_noise,2,556
1,88,no_noise,4,349
1,89,no_noise,4,68
1,90,noise,2,73
1,91,no_noise,2,811
1,92,no_noise,1,820
1,93,noise,1,289
1,94,no_noise,4,321
1,95,no_noise,4,748
1,96,no_noise,2,757
1,97,no_noise,2,799
1,98,noise,1,533
1,99,no_noise,4,108
1,100,no_noise,2,652
