prot_id,trial_id,noise_present,no_targets,trajectory_id
9,801,noise,2,669
9,802,noise,1,312
9,803,no_noise,4,33
9,804,no_noise,4,521
9,805,no_noise,1,740
9,806,noise,4,59
9,807,noise,4,119
9,808,no_noise,4,243
9,809,no_noise,4,156
9,810,no_noise,2,717
9,811,noise,4,188
9,812,no_noise,1,213
9,813,noise,1,320
9,814,noise,1,175
9,815,no_noise,4,615
9,816,noise,2,141
9,817,noise,1,622
9,818,noise,4,467
9,819,noise,1,558
9,820,noise,4,247
9,821,no_noise,2,257
9,822,noise,4,497
9,823,no_noise,4,610
9,824,no_noise,1,65
9,825,no_noise,1,841
9,826,no_noise,4,140
9,827,no_noise,1,415
9,828,noise,2,490
9,829,no_noise,4,317
9,830,no_noise,4,904
9,831,noise,2,233
9,832,no_noise,1,536
9,833,no_noise,4,105
9,834,noise,4,7
9,835,no_noise,4,284
9,836,noise,1,464
9,837,no_noise,2,208
9,838,no_noise,2,340
9,839,noise,2,751
9,840,noise,2,801
9,841,no_noise,1,169
9,842,no_noise,4,107
9,843,no_noise,1,563
9,844,noise,4,313
9,845,noise,2,117
9,846,noise,4,613
9,847,noise,2,356
9,848,no_noise,2,728
9,849,no_noise,1,149
9,850,no_noise,1,50
9,851,no_noise,2,877
9,852,no_noise,1,287
9,853,no_noise,1,98
9,854,no_noise,4,722
9,855,noise,4,519
9,856,no_noise,2,371
9,857,no_noise,1,125
9,858,noise,4,507
9,859,no_noise,4,726
9,860,no_noise,4,109
9,861,no_noise,2,358
9,862,noise,4,840
9,863,noise,4,113
9,864,noise,2,491
9,865,noise,2,151
9,866,noise,2,807
9,867,noise,1,435
9,868,noise,4,884
9,869,noise,1,178
9,870,noise,2,332
9,871,noise,1,781
9,872,no_noise,2,253
9,873,noise,4,771
9,874,no_noise,4,504
9,875,noise,2,334
9,876,no_noise,1,901
9,877,no_noise,1,567
9,878,noise,2,14
9,879,noise,1,355
9,880,noise,4,571
9,881,no_noise,1,294
9,882,no_noise,1,221
9,883,no_noise,2,783
9,884,no_noise,4,716
9,885,no_noise,4,314
9,886,no_noise,4,327
9,887,no_noise,2,267
9,888,noise,1,128
9,889,no_noise,1,374
9,890,noise,1,755
9,891,no_noise,1,902
9,892,noise,4,465
9,893,no_noise,2,551
9,894,noise,4,747
9,895,noise,2,285
9,896,noise,1,634
9,897,no_noise,4,422
9,898,noise,1,649
9,899,no_noise,4,132
9,900,no_noise,1,798
