prot_id,trial_id,noise_present,no_targets,trajectory_id
5,401,no_noise,4,19
5,402,no_noise,4,249
5,403,noise,4,897
5,404,no_noise,2,172
5,405,no_noise,2,357
5,406,no_noise,2,21
5,407,noise,4,531
5,408,noise,1,92
5,409,noise,4,77
5,410,noise,1,904
5,411,noise,1,394
5,412,noise,1,827
5,413,no_noise,2,689
5,414,noise,2,720
5,415,noise,1,852
5,416,noise,2,23
5,417,no_noise,2,602
5,418,no_noise,1,905
5,419,no_noise,1,908
5,420,no_noise,4,268
5,421,no_noise,2,72
5,422,no_noise,4,611
5,423,noise,2,251
5,424,no_noise,1,288
5,425,noise,2,545
5,426,noise,1,776
5,427,no_noise,1,546
5,428,noise,4,37
5,429,noise,4,737
5,430,noise,2,432
5,431,no_noise,4,64
5,432,no_noise,2,157
5,433,no_noise,1,351
5,434,noise,2,784
5,435,noise,1,632
5,436,no_noise,1,523
5,437,noise,1,194
5,438,noise,4,36
5,439,no_noise,2,34
5,440,no_noise,2,900
5,441,no_noise,1,404
5,442,noise,4,410
5,443,noise,1,159
5,444,noise,2,574
5,445,no_noise,4,777
5,446,noise,4,214
5,447,no_noise,2,375
5,448,no_noise,4,52
5,449,no_noise,2,58
5,450,noise,1,619
5,451,no_noise,2,378
5,452,no_noise,1,676
5,453,no_noise,2,207
5,454,no_noise,4,684
5,455,no_noise,2,478
5,456,noise,4,261
5,457,no_noise,1,645
5,458,noise,1,131
5,459,noise,2,441
5,460,no_noise,4,666
5,461,no_noise,2,734
5,462,noise,2,831
5,463,noise,1,416
5,464,noise,2,773
5,465,noise,4,139
5,466,no_noise,1,342
5,467,no_noise,1,687
5,468,noise,1,635
5,469,no_noise,4,245
5,470,noise,2,279
5,471,noise,1,379
5,472,no_noise,4,671
5,473,noise,2,390
5,474,noise,2,215
5,475,noise,2,224
5,476,no_noise,2,607
5,477,no_noise,4,295
5,478,noise,4,426
5,479,noise,1,431
5,480,no_noise,1,449
5,481,no_noise,4,343
5,482,noise,4,701
5,483,noise,1,705
5,484,noise,4,508
5,485,no_noise,4,199
5,486,noise,1,32
5,487,noise,4,743
5,488,no_noise,1,180
5,489,no_noise,2,322
5,490,noise,2,885
5,491,noise,4,894
5,492,noise,4,38
5,493,no_noise,1,170
5,494,noise,2,598
5,495,no_noise,2,865
5,496,no_noise,2,457
5,497,noise,4,580
5,498,no_noise,1,489
5,499,noise,4,759
5,500,no_noise,2,792
