prot_id,trial_id,noise_present,no_targets,trajectory_id
4,301,no_noise,2,704
4,302,noise,4,903
4,303,no_noise,1,147
4,304,noise,1,366
4,305,noise,2,136
4,306,no_noise,4,664
4,307,no_noise,4,832
4,308,no_noise,1,237
4,309,no_noise,4,553
4,310,noise,2,22
4,311,no_noise,1,631
4,312,no_noise,4,206
4,313,no_noise,2,25
4,314,no_noise,2,688
4,315,noise,1,660
4,316,noise,1,304
4,317,noise,1,385
4,318,noise,2,311
4,319,no_noise,1,258
4,320,noise,1,505
4,321,no_noise,4,428
4,322,noise,4,833
4,323,no_noise,1,162
4,324,no_noise,2,680
4,325,no_noise,1,44
4,326,no_noise,1,333
4,327,no_noise,1,509
4,328,noise,2,851
4,329,noise,1,466
4,330,no_noise,2,193
4,331,no_noise,4,97
4,332,no_noise,2,354
4,333,no_noise,1,471
4,334,noise,1,48
4,335,no_noise,4,794
4,336,noise,4,80
4,337,no_noise,2,834
4,338,no_noise,2,11
4,339,no_noise,2,299
4,340,no_noise,2,786
4,341,noise,1,185
4,342,no_noise,2,487
4,343,noise,4,591
4,344,noise,1,592
4,345,no_noise,4,857
4,346,no_noise,1,812
4,347,no_noise,4,719
4,348,no_noise,2,516
4,349,noise,1,380
4,350,no_noise,1,364
4,351,no_noise,1,589
4,352,no_noise,1,389
4,353,noise,4,331
4,354,noise,2,581
4,355,noise,2,638
4,356,no_noise,1,123
4,357,noise,4,191
4,358,no_noise,2,447
4,359,noise,1,906
4,360,noise,4,696
4,361,no_noise,4,49
4,362,no_noise,4,766
4,363,no_noise,4,437
4,364,noise,4,492
4,365,no_noise,4,895
4,366,noise,1,805
4,367,noise,4,316
4,368,noise,1,791
4,369,noise,1,703
4,370,no_noise,1,452
4,371,noise,1,503
4,372,noise,2,744
4,373,no_noise,2,679
4,374,noise,2,864
4,375,no_noise,4,511
4,376,no_noise,2,595
4,377,noise,1,301
4,378,no_noise,1,474
4,379,noise,2,45
4,380,noise,2,460
4,381,noise,2,875
4,382,no_noise,2,640
4,383,no_noise,4,442
4,384,noise,1,168
4,385,no_noise,4,656
4,386,noise,2,53
4,387,noise,1,163
4,388,noise,2,377
4,389,no_noise,1,839
4,390,noise,2,859
4,391,noise,1,308
4,392,no_noise,1,499
4,393,noise,2,861
4,394,noise,2,236
4,395,no_noise,4,753
4,396,noise,4,847
4,397,noise,1,898
4,398,no_noise,2,451
4,399,no_noise,1,222
4,400,noise,1,800
