prot_id,trial_id,no_targets,noise_present,trajectory_id
1,1,4,no_noise,110
1,2,4,noise,238
1,3,4,no_noise,474
1,4,1,noise,620
1,5,2,no_noise,265
1,6,1,noise,632
1,7,1,no_noise,902
1,8,2,noise,374
1,9,2,noise,295
1,10,4,no_noise,464
1,11,1,noise,653
1,12,4,no_noise,598
1,13,1,noise,283
1,14,2,noise,234
1,15,4,noise,881
1,16,2,noise,228
1,17,2,no_noise,143
1,18,2,no_noise,752
1,19,4,noise,292
1,20,2,noise,242
1,21,4,noise,453
1,22,4,no_noise,902
1,23,4,noise,77
1,24,2,noise,762
1,25,4,no_noise,670
1,26,1,no_noise,586
1,27,1,noise,787
1,28,1,no_noise,455
1,29,2,noise,473
1,30,4,noise,707
1,31,4,noise,164
1,32,2,no_noise,592
1,33,4,noise,106
1,34,2,noise,765
1,35,4,noise,865
1,36,1,no_noise,433
1,37,1,no_noise,857
1,38,1,no_noise,277
1,39,1,no_noise,65
1,40,2,noise,349
1,41,4,noise,831
1,42,1,noise,768
1,43,4,noise,655
1,44,2,noise,596
1,45,4,no_noise,300
1,46,4,no_noise,189
1,47,4,no_noise,527
1,48,1,no_noise,815
1,49,2,no_noise,659
1,50,2,noise,534
1,51,4,no_noise,366
1,52,4,noise,346
1,53,2,no_noise,128
1,54,2,no_noise,810
1,55,1,no_noise,780
1,56,2,noise,581
1,57,4,noise,252
1,58,4,noise,421
1,59,1,noise,540
1,60,2,noise,612
1,61,1,noise,825
1,62,1,no_noise,758
1,63,4,no_noise,679
1,64,2,noise,529
1,65,4,noise,296
1,66,4,noise,315
1,67,4,no_noise,107
1,68,1,noise,855
1,69,2,no_noise,483
1,70,2,no_noise,162
1,71,4,no_noise,133
1,72,2,noise,742
1,73,4,noise,499
1,74,1,no_noise,161
1,75,2,noise,471
1,76,1,noise,724
1,77,4,no_noise,777
1,78,4,noise,910
1,79,4,noise,896
1,80,4,no_noise,139
1,81,4,noise,728
1,82,2,no_noise,181
1,83,2,no_noise,680
1,84,4,noise,119
1,85,4,noise,804
1,86,2,noise,200
1,87,1,no_noise,368
1,88,4,no_noise,813
1,89,4,no_noise,488
1,90,2,no_noise,642
1,91,1,no_noise,543
1,92,1,no_noise,125
1,93,2,noise,824
1,94,1,noise,579
1,95,1,noise,51
1,96,1,noise,497
1,97,4,noise,854
1,98,4,noise,533
1,99,4,noise,521
1,100,4,no_noise,725
