prot_id,trial_id,no_targets,noise_present,trajectory_id
3,201,1,noise,204
3,202,1,no_noise,404
3,203,2,noise,567
3,204,1,no_noise,411
3,205,2,no_noise,73
3,206,2,no_noise,846
3,207,1,noise,736
3,208,1,noise,461
3,209,1,no_noise,170
3,210,2,noise,145
3,211,2,noise,318
3,212,2,no_noise,66
3,213,1,no_noise,97
3,214,1,noise,819
3,215,2,noise,546
3,216,1,no_noise,121
3,217,4,noise,688
3,218,4,noise,538
3,219,4,noise,279
3,220,2,noise,557
3,221,2,noise,208
3,222,1,noise,799
3,223,4,no_noise,772
3,224,2,no_noise,856
3,225,2,noise,503
3,226,2,no_noise,258
3,227,4,noise,528
3,228,4,no_noise,852
3,229,4,no_noise,664
3,230,4,no_noise,405
3,231,2,noise,687
3,232,4,no_noise,313
3,233,2,noise,59
3,234,2,noise,830
3,235,4,noise,729
3,236,2,noise,47
3,237,1,noise,394
3,238,1,no_noise,481
3,239,1,noise,291
3,240,4,no_noise,781
3,241,1,no_noise,274
3,242,2,noise,468
3,243,2,no_noise,462
3,244,4,no_noise,27
3,245,1,no_noise,399
3,246,1,no_noise,53
3,247,1,noise,24
3,248,1,noise,71
3,249,1,no_noise,691
3,250,2,noise,60
3,251,2,no_noise,525
3,252,1,no_noise,43
3,253,1,noise,541
3,254,1,no_noise,39
3,255,2,noise,14
3,256,1,noise,126
3,257,1,noise,52
3,258,1,noise,410
3,259,1,noise,93
3,260,4,no_noise,722
3,261,1,noise,658
3,262,4,noise,714
3,263,1,noise,798
3,264,2,noise,358
3,265,4,no_noise,306
3,266,4,no_noise,7
3,267,2,noise,779
3,268,4,noise,190
3,269,4,noise,669
3,270,1,no_noise,868
3,271,2,noise,491
3,272,1,noise,427
3,273,2,noise,327
3,274,1,noise,735
3,275,4,no_noise,218
3,276,4,noise,848
3,277,2,no_noise,802
3,278,2,no_noise,401
3,279,1,noise,302
3,280,4,no_noise,635
3,281,4,noise,522
3,282,1,no_noise,85
3,283,1,noise,209
3,284,4,no_noise,141
3,285,4,no_noise,444
3,286,4,no_noise,132
3,287,2,noise,263
3,288,4,no_noise,152
3,289,1,noise,262
3,290,2,no_noise,390
3,291,1,no_noise,713
3,292,2,no_noise,337
3,293,1,noise,738
3,294,1,noise,784
3,295,4,no_noise,900
3,296,4,noise,531
3,297,1,no_noise,20
3,298,2,no_noise,80
3,299,1,no_noise,607
3,300,4,noise,550
