prot_id,trial_id,no_targets,noise_present,trajectory_id
7,601,2,noise,624
7,602,1,noise,906
7,603,2,noise,874
7,604,1,noise,370
7,605,2,no_noise,50
7,606,4,no_noise,748
7,607,2,no_noise,582
7,608,1,noise,44
7,609,1,no_noise,671
7,610,1,no_noise,610
7,611,2,no_noise,463
7,612,2,noise,764
7,613,4,noise,120
7,614,1,no_noise,495
7,615,4,no_noise,430
7,616,4,noise,880
7,617,2,noise,505
7,618,4,no_noise,507
7,619,4,noise,623
7,620,2,no_noise,361
7,621,2,noise,23
7,622,1,no_noise,636
7,623,4,no_noise,600
7,624,2,noise,149
7,625,1,noise,266
7,626,2,noise,98
7,627,2,noise,470
7,628,1,noise,556
7,629,4,noise,173
7,630,1,noise,375
7,631,4,no_noise,650
7,632,2,no_noise,890
7,633,4,no_noise,373
7,634,2,no_noise,10
7,635,1,no_noise,705
7,636,4,noise,640
7,637,4,noise,493
7,638,2,no_noise,387
7,639,2,no_noise,869
7,640,1,no_noise,794
7,641,4,noise,157
7,642,2,no_noise,806
7,643,1,noise,91
7,644,2,no_noise,213
7,645,4,noise,895
7,646,1,noise,744
7,647,1,no_noise,81
7,648,1,noise,210
7,649,4,no_noise,774
7,650,4,noise,114
7,651,2,no_noise,17
7,652,4,no_noise,723
7,653,4,noise,811
7,654,2,noise,224
7,655,4,no_noise,843
7,656,2,noise,767
7,657,4,noise,903
7,658,4,noise,563
7,659,1,no_noise,244
7,660,2,noise,816
7,661,2,no_noise,217
7,662,2,noise,699
7,663,2,noise,131
7,664,1,no_noise,506
7,665,2,noise,78
7,666,1,noise,62
7,667,4,noise,345
7,668,2,no_noise,510
7,669,2,no_noise,96
7,670,1,no_noise,562
7,671,1,noise,465
7,672,2,noise,796
7,673,4,noise,763
7,674,1,no_noise,193
7,675,1,no_noise,558
7,676,1,noise,823
7,677,4,no_noise,392
7,678,2,no_noise,754
7,679,2,no_noise,721
7,680,2,noise,331
7,681,2,no_noise,254
7,682,2,noise,99
7,683,4,no_noise,873
7,684,2,noise,391
7,685,1,no_noise,37
7,686,2,no_noise,259
7,687,2,noise,720
7,688,2,no_noise,793
7,689,2,noise,633
7,690,2,no_noise,111
7,691,4,no_noise,230
7,692,1,noise,171
7,693,4,noise,134
7,694,4,no_noise,701
7,695,2,no_noise,40
7,696,1,noise,298
7,697,2,no_noise,622
7,698,1,noise,717
7,699,4,no_noise,13
7,700,2,no_noise,122
