prot_id,trial_id,no_targets,noise_present,trajectory_id
2,101,2,no_noise,838
2,102,4,no_noise,150
2,103,4,noise,718
2,104,2,no_noise,439
2,105,2,noise,492
2,106,2,no_noise,89
2,107,2,no_noise,221
2,108,4,no_noise,840
2,109,2,noise,223
2,110,4,noise,117
2,111,2,no_noise,634
2,112,2,noise,424
2,113,1,no_noise,76
2,114,1,no_noise,301
2,115,2,noise,113
2,116,2,noise,476
2,117,1,no_noise,704
2,118,2,noise,103
2,119,4,noise,608
2,120,4,noise,376
2,121,2,noise,425
2,122,2,no_noise,907
2,123,2,no_noise,255
2,124,1,noise,690
2,125,2,no_noise,770
2,126,4,no_noise,858
2,127,1,no_noise,396
2,128,1,no_noise,866
2,129,4,noise,490
2,130,4,no_noise,775
2,131,2,noise,140
2,132,1,noise,870
2,133,4,noise,791
2,134,1,noise,500
2,135,2,noise,812
2,136,1,noise,237
2,137,2,no_noise,551
2,138,1,no_noise,446
2,139,4,noise,561
2,140,1,no_noise,727
2,141,1,noise,159
2,142,1,no_noise,637
2,143,4,no_noise,516
2,144,4,noise,570
2,145,2,no_noise,319
2,146,1,no_noise,594
2,147,4,no_noise,472
2,148,1,no_noise,741
2,149,4,no_noise,393
2,150,4,noise,422
2,151,1,no_noise,271
2,152,1,noise,229
2,153,4,no_noise,614
2,154,4,no_noise,214
2,155,1,no_noise,520
2,156,4,noise,383
2,157,4,no_noise,136
2,158,1,no_noise,38
2,159,2,no_noise,355
2,160,4,noise,757
2,161,1,no_noise,657
2,162,1,noise,175
2,163,1,noise,797
2,164,2,no_noise,597
2,165,2,noise,154
2,166,1,no_noise,575
2,167,1,no_noise,591
2,168,1,noise,639
2,169,4,noise,426
2,170,2,noise,123
2,171,2,noise,88
2,172,1,no_noise,554
2,173,2,no_noise,324
2,174,2,noise,369
2,175,1,no_noise,606
2,176,2,no_noise,665
2,177,4,noise,201
2,178,1,noise,771
2,179,2,noise,709
2,180,1,no_noise,378
2,181,4,noise,249
2,182,1,no_noise,357
2,183,4,no_noise,716
2,184,1,no_noise,542
2,185,2,no_noise,196
2,186,1,no_noise,886
2,187,1,noise,740
2,188,2,no_noise,651
2,189,2,no_noise,908
2,190,2,noise,371
2,191,1,no_noise,84
2,192,1,no_noise,61
2,193,4,no_noise,686
2,194,1,no_noise,832
2,195,4,noise,348
2,196,4,no_noise,297
2,197,1,noise,179
2,198,1,no_noise,334
2,199,2,no_noise,156
2,200,2,noise,486
