prot_id,trial_id,no_targets,noise_present,trajectory_id
4,301,2,noise,616
4,302,2,noise,496
4,303,2,no_noise,776
4,304,1,no_noise,860
4,305,2,no_noise,905
4,306,1,no_noise,16
4,307,2,no_noise,151
4,308,2,no_noise,148
4,309,2,noise,82
4,310,4,noise,684
4,311,1,noise,641
4,312,2,no_noise,732
4,313,4,no_noise,435
4,314,2,no_noise,333
4,315,1,no_noise,408
4,316,1,noise,389
4,317,2,noise,849
4,318,2,noise,260
4,319,1,noise,862
4,320,1,no_noise,437
4,321,1,no_noise,564
4,322,4,no_noise,893
4,323,2,no_noise,872
4,324,1,noise,818
4,325,1,no_noise,79
4,326,1,no_noise,270
4,327,2,noise,613
4,328,4,noise,454
4,329,4,no_noise,530
4,330,1,noise,514
4,331,2,no_noise,309
4,332,1,no_noise,299
4,333,1,no_noise,601
4,334,1,noise,308
4,335,4,noise,885
4,336,4,noise,817
4,337,4,no_noise,343
4,338,2,no_noise,700
4,339,2,noise,195
4,340,2,no_noise,335
4,341,1,noise,264
4,342,2,noise,130
4,343,2,noise,354
4,344,1,no_noise,137
4,345,4,no_noise,898
4,346,4,no_noise,583
4,347,1,no_noise,227
4,348,1,noise,487
4,349,4,noise,303
4,350,2,noise,8
4,351,1,noise,656
4,352,2,noise,449
4,353,1,noise,851
4,354,4,no_noise,647
4,355,2,noise,364
4,356,1,noise,445
4,357,1,no_noise,321
4,358,4,no_noise,739
4,359,2,noise,184
4,360,4,no_noise,288
4,361,4,no_noise,820
4,362,1,noise,882
4,363,2,no_noise,235
4,364,4,noise,773
4,365,4,no_noise,326
4,366,4,noise,889
4,367,2,no_noise,400
4,368,1,no_noise,611
4,369,2,no_noise,54
4,370,2,no_noise,317
4,371,4,noise,380
4,372,4,noise,459
4,373,2,noise,683
4,374,1,noise,169
4,375,2,no_noise,518
4,376,4,no_noise,448
4,377,4,no_noise,894
4,378,2,no_noise,891
4,379,4,no_noise,382
4,380,2,noise,800
4,381,2,noise,536
4,382,2,no_noise,730
4,383,2,noise,55
4,384,1,no_noise,572
4,385,4,noise,281
4,386,4,no_noise,289
4,387,4,no_noise,282
4,388,4,noise,498
4,389,4,noise,549
4,390,4,no_noise,280
4,391,4,noise,559
4,392,2,noise,899
4,393,4,noise,325
4,394,1,no_noise,420
4,395,1,noise,341
4,396,1,noise,197
4,397,4,no_noise,756
4,398,4,no_noise,272
4,399,4,noise,677
4,400,1,no_noise,532
