prot_id,trial_id,no_targets,noise_present,trajectory_id
9,801,1,noise,755
9,802,1,noise,879
9,803,2,noise,167
9,804,1,noise,112
9,805,4,no_noise,673
9,806,4,no_noise,35
9,807,2,no_noise,822
9,808,2,no_noise,46
9,809,2,no_noise,769
9,810,2,noise,436
9,811,1,no_noise,11
9,812,1,noise,353
9,813,4,no_noise,251
9,814,1,no_noise,409
9,815,4,no_noise,247
9,816,4,noise,147
9,817,1,noise,706
9,818,4,noise,385
9,819,1,noise,49
9,820,4,noise,90
9,821,1,noise,743
9,822,4,noise,788
9,823,2,no_noise,219
9,824,1,noise,351
9,825,4,no_noise,138
9,826,1,no_noise,129
9,827,4,no_noise,906
9,828,4,noise,509
9,829,2,no_noise,342
9,830,2,no_noise,284
9,831,4,noise,320
9,832,2,no_noise,118
9,833,1,no_noise,101
9,834,2,no_noise,176
9,835,4,noise,494
9,836,4,noise,250
9,837,4,no_noise,588
9,838,2,no_noise,198
9,839,4,no_noise,603
9,840,2,noise,508
9,841,1,no_noise,287
9,842,1,noise,21
9,843,1,noise,599
9,844,4,noise,124
9,845,4,no_noise,180
9,846,2,noise,215
9,847,1,noise,41
9,848,2,noise,367
9,849,1,no_noise,115
9,850,4,no_noise,517
9,851,2,no_noise,778
9,852,4,no_noise,456
9,853,4,noise,57
9,854,1,no_noise,618
9,855,4,no_noise,675
9,856,2,noise,737
9,857,4,noise,888
9,858,2,no_noise,482
9,859,2,no_noise,108
9,860,1,noise,668
9,861,2,noise,750
9,862,2,noise,666
9,863,4,noise,694
9,864,1,noise,86
9,865,1,no_noise,340
9,866,1,noise,104
9,867,1,no_noise,795
9,868,4,no_noise,751
9,869,2,no_noise,443
9,870,1,noise,719
9,871,1,noise,94
9,872,4,noise,15
9,873,4,no_noise,552
9,874,2,no_noise,458
9,875,2,noise,573
9,876,4,no_noise,905
9,877,2,noise,356
9,878,1,no_noise,211
9,879,2,noise,377
9,880,2,no_noise,841
9,881,4,no_noise,381
9,882,2,noise,253
9,883,4,no_noise,484
9,884,4,noise,676
9,885,4,noise,395
9,886,2,no_noise,904
9,887,1,no_noise,160
9,888,4,no_noise,105
9,889,4,no_noise,350
9,890,1,no_noise,850
9,891,4,no_noise,165
9,892,2,noise,311
9,893,4,no_noise,547
9,894,2,no_noise,545
9,895,1,no_noise,261
9,896,4,noise,365
9,897,1,noise,418
9,898,4,noise,626
9,899,2,no_noise,216
9,900,4,noise,652
