prot_id,trial_id,no_targets,noise_present,trajectory_id
6,501,1,noise,565
6,502,4,no_noise,441
6,503,2,no_noise,859
6,504,2,noise,792
6,505,4,no_noise,379
6,506,1,no_noise,480
6,507,4,noise,782
6,508,4,no_noise,577
6,509,1,no_noise,19
6,510,1,no_noise,194
6,511,1,no_noise,544
6,512,1,no_noise,402
6,513,1,no_noise,501
6,514,2,no_noise,638
6,515,4,noise,398
6,516,4,no_noise,36
6,517,1,noise,388
6,518,2,no_noise,199
6,519,2,no_noise,469
6,520,2,no_noise,192
6,521,2,noise,746
6,522,1,noise,568
6,523,1,noise,827
6,524,2,no_noise,761
6,525,4,noise,828
6,526,1,noise,304
6,527,2,no_noise,153
6,528,4,noise,555
6,529,2,noise,512
6,530,1,noise,630
6,531,1,noise,475
6,532,4,noise,432
6,533,2,noise,273
6,534,4,noise,627
6,535,4,no_noise,240
6,536,1,noise,836
6,537,4,no_noise,689
6,538,2,noise,801
6,539,2,no_noise,25
6,540,4,no_noise,842
6,541,2,noise,805
6,542,4,no_noise,329
6,543,2,noise,56
6,544,1,no_noise,423
6,545,1,noise,248
6,546,2,noise,186
6,547,1,no_noise,87
6,548,4,no_noise,372
6,549,1,noise,911
6,550,2,noise,648
6,551,4,noise,478
6,552,1,noise,845
6,553,4,noise,844
6,554,4,noise,909
6,555,1,no_noise,92
6,556,1,noise,560
6,557,2,no_noise,243
6,558,1,noise,457
6,559,1,no_noise,100
6,560,4,no_noise,328
6,561,1,no_noise,615
6,562,1,no_noise,163
6,563,2,no_noise,835
6,564,2,no_noise,853
6,565,2,noise,584
6,566,4,no_noise,415
6,567,4,noise,523
6,568,2,noise,892
6,569,4,no_noise,127
6,570,4,noise,833
6,571,2,no_noise,278
6,572,2,no_noise,70
6,573,4,noise,644
6,574,4,noise,847
6,575,2,no_noise,18
6,576,1,noise,590
6,577,1,no_noise,479
6,578,2,no_noise,734
6,579,1,no_noise,220
6,580,2,no_noise,580
6,581,1,no_noise,142
6,582,1,noise,646
6,583,2,no_noise,685
6,584,2,no_noise,72
6,585,1,noise,731
6,586,1,no_noise,515
6,587,2,no_noise,256
6,588,4,no_noise,609
6,589,1,no_noise,42
6,590,1,noise,867
6,591,2,noise,307
6,592,2,no_noise,285
6,593,2,no_noise,158
6,594,1,noise,726
6,595,1,noise,407
6,596,4,noise,808
6,597,4,noise,697
6,598,1,noise,336
6,599,4,no_noise,595
6,600,2,noise,695
