prot_id,trial_id,no_targets,noise_present,trajectory_id
8,701,2,no_noise,884
8,702,2,noise,587
8,703,4,no_noise,569
8,704,1,noise,526
8,705,4,no_noise,451
8,706,4,noise,166
8,707,4,no_noise,619
8,708,2,noise,903
8,709,1,noise,182
8,710,1,noise,429
8,711,1,no_noise,48
8,712,4,noise,571
8,713,1,no_noise,305
8,714,2,no_noise,602
8,715,2,no_noise,9
8,716,2,no_noise,447
8,717,1,noise,222
8,718,1,noise,489
8,719,1,no_noise,64
8,720,1,noise,431
8,721,1,no_noise,460
8,722,4,no_noise,233
8,723,2,noise,814
8,724,1,no_noise,593
8,725,4,no_noise,682
8,726,2,no_noise,753
8,727,1,no_noise,206
8,728,2,no_noise,809
8,729,1,noise,347
8,730,4,no_noise,102
8,731,1,no_noise,674
8,732,4,no_noise,511
8,733,2,no_noise,246
8,734,1,noise,58
8,735,2,no_noise,672
8,736,2,noise,649
8,737,4,no_noise,783
8,738,2,no_noise,703
8,739,4,no_noise,384
8,740,1,noise,330
8,741,1,noise,605
8,742,2,noise,386
8,743,4,noise,207
8,744,4,noise,30
8,745,4,no_noise,901
8,746,1,noise,712
8,747,2,noise,22
8,748,2,no_noise,236
8,749,4,noise,440
8,750,2,noise,290
8,751,2,noise,821
8,752,4,no_noise,678
8,753,1,no_noise,178
8,754,1,noise,654
8,755,2,no_noise,553
8,756,4,noise,708
8,757,1,no_noise,803
8,758,2,no_noise,875
8,759,4,noise,786
8,760,1,noise,135
8,761,4,no_noise,663
8,762,2,noise,239
8,763,2,noise,513
8,764,1,no_noise,519
8,765,2,no_noise,576
8,766,2,no_noise,621
8,767,4,noise,188
8,768,2,noise,31
8,769,4,noise,34
8,770,1,noise,837
8,771,1,no_noise,604
8,772,2,no_noise,344
8,773,1,noise,202
8,774,4,noise,352
8,775,2,no_noise,419
8,776,2,noise,359
8,777,1,noise,904
8,778,1,no_noise,109
8,779,2,no_noise,212
8,780,1,noise,257
8,781,1,noise,877
8,782,1,noise,74
8,783,2,no_noise,363
8,784,1,no_noise,269
8,785,4,noise,485
8,786,2,no_noise,466
8,787,2,no_noise,467
8,788,4,noise,871
8,789,2,noise,339
8,790,1,noise,681
8,791,2,noise,807
8,792,2,noise,883
8,793,1,noise,338
8,794,4,no_noise,293
8,795,4,noise,747
8,796,1,noise,275
8,797,1,no_noise,524
8,798,2,no_noise,566
8,799,1,no_noise,625
8,800,1,noise,168
