prot_id,trial_id,no_targets,noise_present,trajectory_id
5,401,4,noise,360
5,402,2,no_noise,403
5,403,4,no_noise,660
5,404,2,noise,442
5,405,1,no_noise,69
5,406,1,no_noise,187
5,407,4,noise,733
5,408,4,no_noise,226
5,409,2,no_noise,428
5,410,4,no_noise,32
5,411,1,no_noise,901
5,412,1,noise,693
5,413,1,noise,314
5,414,2,noise,362
5,415,4,noise,535
5,416,2,noise,760
5,417,4,noise,450
5,418,4,no_noise,268
5,419,1,noise,548
5,420,1,no_noise,667
5,421,1,no_noise,876
5,422,2,noise,790
5,423,1,no_noise,155
5,424,1,no_noise,172
5,425,2,noise,191
5,426,1,no_noise,504
5,427,1,noise,45
5,428,2,noise,785
5,429,2,noise,83
5,430,1,no_noise,33
5,431,1,noise,745
5,432,1,no_noise,749
5,433,4,no_noise,698
5,434,2,no_noise,864
5,435,1,noise,294
5,436,2,noise,67
5,437,2,noise,323
5,438,4,noise,12
5,439,4,noise,839
5,440,2,noise,477
5,441,4,noise,406
5,442,1,noise,631
5,443,4,no_noise,397
5,444,1,no_noise,116
5,445,1,noise,662
5,446,4,noise,310
5,447,1,noise,68
5,448,1,no_noise,231
5,449,4,noise,245
5,450,4,no_noise,332
5,451,4,no_noise,834
5,452,2,noise,144
5,453,1,no_noise,28
5,454,1,noise,711
5,455,1,no_noise,692
5,456,1,noise,312
5,457,1,no_noise,789
5,458,2,no_noise,574
5,459,4,noise,177
5,460,1,no_noise,63
5,461,4,no_noise,629
5,462,4,no_noise,661
5,463,1,no_noise,225
5,464,4,no_noise,29
5,465,4,noise,710
5,466,4,no_noise,537
5,467,2,noise,174
5,468,1,noise,887
5,469,4,no_noise,766
5,470,4,no_noise,276
5,471,4,noise,205
5,472,4,no_noise,316
5,473,2,noise,645
5,474,2,noise,617
5,475,2,noise,759
5,476,4,noise,502
5,477,4,no_noise,829
5,478,1,no_noise,539
5,479,4,no_noise,414
5,480,1,no_noise,585
5,481,2,no_noise,578
5,482,2,no_noise,322
5,483,4,noise,203
5,484,4,noise,452
5,485,4,no_noise,232
5,486,2,no_noise,416
5,487,2,noise,95
5,488,4,noise,417
5,489,2,noise,628
5,490,2,noise,715
5,491,4,no_noise,696
5,492,4,noise,589
5,493,4,noise,146
5,494,2,no_noise,897
5,495,4,noise,185
5,496,4,no_noise,75
5,497,4,no_noise,861
5,498,4,noise,878
5,499,4,noise,413
5,500,4,noise,267
