prot_id,trial_id,noise_present,no_targets,trajectory_id
9,801,no_noise,1,749
9,802,no_noise,2,667
9,803,noise,2,754
9,804,noise,2,711
9,805,no_noise,4,613
9,806,noise,4,243
9,807,no_noise,4,668
9,808,no_noise,4,589
9,809,noise,2,696
9,810,no_noise,2,395
9,811,noise,1,136
9,812,no_noise,1,674
9,813,noise,1,729
9,814,noise,4,563
9,815,noise,2,342
9,816,no_noise,1,777
9,817,no_noise,4,274
9,818,no_noise,4,144
9,819,noise,1,859
9,820,noise,4,242
9,821,noise,4,490
9,822,noise,1,133
9,823,noise,4,727
9,824,noise,4,292
9,825,no_noise,1,18
9,826,no_noise,2,903
9,827,no_noise,1,798
9,828,no_noise,4,567
9,829,noise,4,759
9,830,no_noise,2,141
9,831,no_noise,4,426
9,832,noise,2,867
9,833,no_noise,4,570
9,834,noise,2,260
9,835,no_noise,4,843
9,836,noise,2,635
9,837,noise,1,725
9,838,no_noise,4,253
9,839,noise,2,769
9,840,noise,1,16
9,841,noise,4,654
9,842,no_noise,1,477
9,843,no_noise,2,835
9,844,no_noise,1,733
9,845,noise,1,470
9,846,noise,4,225
9,847,no_noise,2,713
9,848,no_noise,1,344
9,849,noise,4,233
9,850,noise,4,520
9,851,noise,1,147
9,852,noise,1,12
9,853,no_noise,1,109
9,854,noise,2,681
9,855,no_noise,2,212
9,856,no_noise,4,888
9,857,noise,4,511
9,858,no_noise,4,723
9,859,noise,1,542
9,860,noise,2,366
9,861,no_noise,2,600
9,862,no_noise,1,289
9,863,no_noise,4,130
9,864,noise,2,363
9,865,noise,1,336
9,866,noise,4,458
9,867,no_noise,2,120
9,868,no_noise,2,614
9,869,noise,2,481
9,870,no_noise,1,349
9,871,noise,1,83
9,872,no_noise,4,846
9,873,no_noise,2,267
9,874,noise,1,76
9,875,no_noise,2,837
9,876,noise,2,62
9,877,no_noise,2,889
9,878,no_noise,1,266
9,879,no_noise,4,829
9,880,no_noise,2,706
9,881,no_noise,4,703
9,882,noise,4,842
9,883,no_noise,1,65
9,884,noise,2,699
9,885,noise,1,669
9,886,noise,4,592
9,887,noise,2,793
9,888,no_noise,1,430
9,889,noise,1,302
9,890,no_noise,1,685
9,891,noise,1,22
9,892,noise,1,631
9,893,no_noise,2,149
9,894,no_noise,1,836
9,895,noise,4,737
9,896,noise,1,401
9,897,no_noise,4,463
9,898,noise,4,744
9,899,noise,1,390
9,900,no_noise,1,868
