prot_id,trial_id,noise_present,no_targets,trajectory_id
6,501,noise,1,418
6,502,noise,2,533
6,503,noise,1,505
6,504,no_noise,4,437
6,505,noise,1,881
6,506,noise,1,454
6,507,noise,1,550
6,508,noise,4,116
6,509,no_noise,2,89
6,510,no_noise,4,409
6,511,noise,1,435
6,512,no_noise,4,500
6,513,no_noise,1,184
6,514,no_noise,2,332
6,515,no_noise,4,250
6,516,noise,1,770
6,517,noise,4,805
6,518,no_noise,4,599
6,519,no_noise,4,444
6,520,no_noise,1,790
6,521,noise,4,118
6,522,noise,1,9
6,523,noise,2,350
6,524,no_noise,4,682
6,525,no_noise,1,519
6,526,no_noise,1,261
6,527,noise,1,238
6,528,no_noise,4,181
6,529,no_noise,2,838
6,530,no_noise,2,871
6,531,noise,2,764
6,532,noise,2,240
6,533,no_noise,2,779
6,534,no_noise,1,796
6,535,no_noise,4,293
6,536,noise,1,167
6,537,no_noise,1,282
6,538,noise,1,497
6,539,noise,1,352
6,540,noise,4,304
6,541,no_noise,2,341
6,542,noise,4,197
6,543,no_noise,4,333
6,544,noise,1,114
6,545,no_noise,1,697
6,546,noise,2,748
6,547,no_noise,1,629
6,548,noise,1,380
6,549,noise,1,11
6,550,noise,1,327
6,551,no_noise,2,691
6,552,noise,4,10
6,553,no_noise,4,760
6,554,no_noise,2,36
6,555,noise,4,291
6,556,noise,1,850
6,557,noise,1,237
6,558,noise,2,687
6,559,noise,4,432
6,560,no_noise,1,645
6,561,noise,4,809
6,562,no_noise,1,129
6,563,noise,2,483
6,564,noise,1,382
6,565,noise,2,698
6,566,noise,2,618
6,567,no_noise,2,469
6,568,noise,1,678
6,569,noise,1,578
6,570,noise,2,66
6,571,no_noise,1,175
6,572,no_noise,4,218
6,573,noise,1,820
6,574,no_noise,1,596
6,575,noise,4,330
6,576,no_noise,2,886
6,577,noise,4,527
6,578,no_noise,2,108
6,579,no_noise,1,662
6,580,no_noise,1,485
6,581,no_noise,4,549
6,582,no_noise,4,201
6,583,no_noise,1,14
6,584,noise,1,69
6,585,no_noise,1,285
6,586,no_noise,2,308
6,587,no_noise,1,690
6,588,no_noise,2,159
6,589,noise,4,872
6,590,no_noise,2,126
6,591,no_noise,1,425
6,592,noise,2,633
6,593,noise,4,188
6,594,noise,1,177
6,595,no_noise,2,60
6,596,noise,1,91
6,597,no_noise,1,619
6,598,no_noise,2,464
6,599,noise,4,762
6,600,noise,4,819
