prot_id,trial_id,noise_present,no_targets,trajectory_id
5,401,no_noise,1,384
5,402,noise,2,467
5,403,noise,2,845
5,404,noise,2,556
5,405,no_noise,4,21
5,406,noise,4,257
5,407,noise,4,755
5,408,noise,1,7
5,409,noise,2,272
5,410,no_noise,4,143
5,411,noise,1,146
5,412,noise,4,509
5,413,noise,2,297
5,414,no_noise,4,808
5,415,noise,2,150
5,416,no_noise,2,717
5,417,no_noise,4,346
5,418,noise,2,601
5,419,noise,4,82
5,420,noise,1,547
5,421,noise,1,420
5,422,no_noise,2,795
5,423,noise,2,388
5,424,no_noise,4,650
5,425,noise,1,658
5,426,no_noise,2,602
5,427,no_noise,4,203
5,428,no_noise,2,408
5,429,noise,2,245
5,430,no_noise,1,471
5,431,noise,4,164
5,432,no_noise,4,670
5,433,noise,1,526
5,434,no_noise,4,386
5,435,noise,2,174
5,436,noise,4,548
5,437,noise,1,543
5,438,no_noise,2,657
5,439,noise,2,422
5,440,noise,2,348
5,441,no_noise,1,84
5,442,no_noise,2,644
5,443,no_noise,1,284
5,444,no_noise,2,324
5,445,noise,2,693
5,446,no_noise,1,539
5,447,noise,4,894
5,448,no_noise,1,427
5,449,noise,1,367
5,450,noise,2,880
5,451,no_noise,4,90
5,452,noise,4,675
5,453,no_noise,1,33
5,454,noise,2,789
5,455,noise,4,666
5,456,noise,2,694
5,457,no_noise,1,303
5,458,no_noise,2,104
5,459,no_noise,4,781
5,460,noise,2,115
5,461,noise,1,518
5,462,no_noise,2,801
5,463,noise,2,529
5,464,no_noise,4,215
5,465,noise,4,466
5,466,no_noise,4,861
5,467,no_noise,4,816
5,468,no_noise,2,901
5,469,no_noise,4,707
5,470,noise,4,498
5,471,noise,4,715
5,472,no_noise,4,273
5,473,no_noise,2,145
5,474,no_noise,2,53
5,475,noise,2,700
5,476,no_noise,1,371
5,477,noise,2,451
5,478,no_noise,2,856
5,479,no_noise,4,495
5,480,no_noise,4,169
5,481,noise,4,531
5,482,noise,2,17
5,483,noise,2,902
5,484,no_noise,2,40
5,485,no_noise,2,70
5,486,noise,4,568
5,487,noise,2,719
5,488,noise,1,393
5,489,noise,4,288
5,490,noise,1,61
5,491,no_noise,1,663
5,492,no_noise,1,661
5,493,noise,2,254
5,494,noise,4,50
5,495,no_noise,2,461
5,496,no_noise,1,359
5,497,no_noise,2,433
5,498,no_noise,2,896
5,499,no_noise,1,287
5,500,no_noise,4,439
