prot_id,trial_id,noise_present,no_targets,trajectory_id
3,201,no_noise,1,514
3,202,noise,1,825
3,203,noise,4,704
3,204,noise,2,280
3,205,noise,4,88
3,206,noise,1,239
3,207,no_noise,2,802
3,208,noise,4,900
3,209,noise,4,452
3,210,no_noise,4,258
3,211,no_noise,1,208
3,212,no_noise,2,101
3,213,noise,4,577
3,214,no_noise,2,43
3,215,noise,1,710
3,216,noise,1,841
3,217,noise,1,255
3,218,noise,4,125
3,219,noise,4,895
3,220,no_noise,1,610
3,221,no_noise,2,368
3,222,no_noise,2,198
3,223,no_noise,4,200
3,224,noise,1,204
3,225,noise,4,185
3,226,no_noise,2,909
3,227,noise,1,772
3,228,no_noise,2,866
3,229,no_noise,2,517
3,230,noise,1,360
3,231,noise,2,766
3,232,noise,2,370
3,233,noise,4,623
3,234,no_noise,4,899
3,235,no_noise,2,905
3,236,no_noise,2,824
3,237,noise,1,482
3,238,no_noise,4,335
3,239,no_noise,1,173
3,240,no_noise,1,423
3,241,noise,2,227
3,242,noise,2,560
3,243,noise,2,411
3,244,no_noise,1,85
3,245,noise,1,562
3,246,noise,2,494
3,247,no_noise,2,75
3,248,noise,2,275
3,249,no_noise,2,478
3,250,no_noise,2,394
3,251,noise,2,229
3,252,no_noise,2,869
3,253,noise,1,651
3,254,no_noise,1,178
3,255,noise,2,354
3,256,no_noise,2,209
3,257,noise,2,340
3,258,noise,4,42
3,259,no_noise,1,191
3,260,noise,2,720
3,261,no_noise,4,593
3,262,noise,1,220
3,263,no_noise,4,480
3,264,no_noise,2,259
3,265,noise,4,588
3,266,noise,4,122
3,267,noise,2,443
3,268,noise,4,701
3,269,noise,1,862
3,270,noise,4,356
3,271,no_noise,4,507
3,272,no_noise,4,595
3,273,noise,1,248
3,274,noise,1,751
3,275,noise,1,231
3,276,no_noise,1,52
3,277,noise,1,849
3,278,noise,4,828
3,279,noise,1,404
3,280,no_noise,4,709
3,281,noise,2,788
3,282,no_noise,4,25
3,283,no_noise,4,897
3,284,noise,4,740
3,285,noise,1,322
3,286,noise,2,35
3,287,noise,4,879
3,288,no_noise,2,571
3,289,noise,2,37
3,290,no_noise,4,624
3,291,no_noise,2,683
3,292,noise,2,137
3,293,noise,4,80
3,294,noise,1,778
3,295,noise,2,121
3,296,no_noise,2,559
3,297,noise,1,29
3,298,noise,4,343
3,299,no_noise,4,607
3,300,noise,4,797
