prot_id,trial_id,noise_present,no_targets,trajectory_id
1,1,noise,4,63
1,2,noise,4,904
1,3,noise,4,15
1,4,noise,4,636
1,5,noise,1,172
1,6,noise,2,214
1,7,noise,1,59
1,8,no_noise,1,455
1,9,no_noise,2,193
1,10,no_noise,4,479
1,11,no_noise,4,566
1,12,no_noise,1,277
1,13,no_noise,2,692
1,14,no_noise,1,378
1,15,no_noise,4,642
1,16,noise,1,877
1,17,no_noise,2,739
1,18,noise,4,806
1,19,no_noise,2,671
1,20,no_noise,4,787
1,21,no_noise,2,906
1,22,noise,1,612
1,23,no_noise,4,376
1,24,noise,1,558
1,25,no_noise,2,883
1,26,noise,4,884
1,27,no_noise,2,170
1,28,noise,4,508
1,29,no_noise,1,608
1,30,no_noise,1,398
1,31,no_noise,1,827
1,32,noise,1,476
1,33,noise,2,165
1,34,no_noise,2,785
1,35,noise,1,814
1,36,noise,4,908
1,37,no_noise,2,23
1,38,noise,4,672
1,39,noise,4,522
1,40,no_noise,4,199
1,41,no_noise,1,718
1,42,no_noise,4,865
1,43,no_noise,1,180
1,44,no_noise,1,410
1,45,no_noise,2,160
1,46,noise,4,358
1,47,no_noise,2,616
1,48,no_noise,4,207
1,49,noise,1,605
1,50,no_noise,4,851
1,51,no_noise,2,513
1,52,noise,2,111
1,53,noise,2,488
1,54,noise,2,752
1,55,no_noise,1,627
1,56,noise,4,155
1,57,noise,2,153
1,58,no_noise,4,424
1,59,noise,2,139
1,60,no_noise,1,158
1,61,no_noise,4,68
1,62,no_noise,1,537
1,63,noise,4,251
1,64,no_noise,4,249
1,65,no_noise,2,786
1,66,no_noise,4,373
1,67,no_noise,4,194
1,68,noise,1,127
1,69,no_noise,2,653
1,70,no_noise,4,38
1,71,noise,2,590
1,72,noise,2,211
1,73,noise,2,573
1,74,no_noise,2,489
1,75,noise,4,13
1,76,noise,2,575
1,77,no_noise,1,767
1,78,no_noise,2,878
1,79,noise,2,96
1,80,no_noise,4,462
1,81,noise,1,823
1,82,no_noise,1,351
1,83,no_noise,2,750
1,84,no_noise,4,140
1,85,no_noise,4,113
1,86,no_noise,2,281
1,87,noise,2,51
1,88,noise,1,800
1,89,no_noise,1,617
1,90,no_noise,2,904
1,91,noise,1,536
1,92,no_noise,1,316
1,93,no_noise,4,219
1,94,no_noise,1,8
1,95,no_noise,1,528
1,96,no_noise,4,374
1,97,noise,2,247
1,98,no_noise,4,131
1,99,no_noise,2,728
1,100,no_noise,1,416
