prot_id,trial_id,noise_present,no_targets,trajectory_id
8,701,noise,2,525
8,702,noise,4,655
8,703,no_noise,4,780
8,704,no_noise,1,400
8,705,no_noise,2,632
8,706,no_noise,1,385
8,707,no_noise,4,708
8,708,noise,4,876
8,709,no_noise,2,591
8,710,no_noise,2,276
8,711,noise,2,230
8,712,no_noise,1,123
8,713,noise,4,453
8,714,noise,2,791
8,715,no_noise,1,659
8,716,noise,1,714
8,717,no_noise,2,460
8,718,noise,2,532
8,719,no_noise,2,475
8,720,noise,1,583
8,721,no_noise,2,873
8,722,noise,4,81
8,723,no_noise,1,270
8,724,noise,4,186
8,725,noise,2,31
8,726,no_noise,1,561
8,727,no_noise,4,151
8,728,no_noise,1,402
8,729,no_noise,4,364
8,730,no_noise,2,609
8,731,no_noise,2,757
8,732,noise,4,721
8,733,no_noise,4,329
8,734,no_noise,1,217
8,735,noise,4,564
8,736,noise,1,176
8,737,no_noise,2,782
8,738,no_noise,1,56
8,739,noise,1,93
8,740,noise,2,132
8,741,no_noise,1,516
8,742,no_noise,1,680
8,743,no_noise,1,773
8,744,no_noise,4,538
8,745,noise,2,907
8,746,no_noise,4,594
8,747,noise,2,753
8,748,no_noise,2,768
8,749,noise,1,553
8,750,noise,1,39
8,751,no_noise,2,377
8,752,no_noise,4,102
8,753,no_noise,1,244
8,754,no_noise,2,135
8,755,no_noise,1,47
8,756,no_noise,4,407
8,757,noise,1,315
8,758,noise,2,413
8,759,noise,1,301
8,760,no_noise,2,314
8,761,no_noise,1,98
8,762,noise,2,784
8,763,noise,2,535
8,764,no_noise,2,457
8,765,no_noise,4,71
8,766,no_noise,1,331
8,767,no_noise,2,298
8,768,no_noise,1,839
8,769,noise,2,171
8,770,no_noise,2,441
8,771,noise,4,893
8,772,noise,2,305
8,773,noise,4,660
8,774,no_noise,2,307
8,775,no_noise,4,44
8,776,no_noise,4,638
8,777,noise,2,32
8,778,noise,1,860
8,779,noise,4,24
8,780,noise,4,403
8,781,no_noise,1,857
8,782,noise,2,124
8,783,noise,4,381
8,784,noise,2,157
8,785,no_noise,4,858
8,786,no_noise,2,189
8,787,no_noise,2,195
8,788,noise,4,530
8,789,noise,2,898
8,790,no_noise,4,448
8,791,noise,2,235
8,792,noise,1,611
8,793,noise,2,811
8,794,noise,2,311
8,795,no_noise,4,168
8,796,noise,1,885
8,797,noise,4,557
8,798,no_noise,4,603
8,799,noise,4,496
8,800,no_noise,4,902
