prot_id,trial_id,noise_present,no_targets,trajectory_id
7,601,noise,4,399
7,602,no_noise,1,206
7,603,no_noise,2,134
7,604,noise,1,705
7,605,noise,1,637
7,606,noise,4,831
7,607,noise,1,874
7,608,noise,4,94
7,609,no_noise,4,278
7,610,noise,2,361
7,611,noise,4,684
7,612,no_noise,2,854
7,613,no_noise,4,807
7,614,no_noise,2,321
7,615,no_noise,2,226
7,616,no_noise,4,652
7,617,noise,1,641
7,618,noise,4,192
7,619,noise,4,745
7,620,no_noise,2,355
7,621,noise,4,265
7,622,noise,4,196
7,623,noise,1,30
7,624,noise,4,510
7,625,no_noise,4,221
7,626,no_noise,2,810
7,627,no_noise,1,362
7,628,no_noise,1,803
7,629,no_noise,4,67
7,630,noise,4,299
7,631,no_noise,2,283
7,632,noise,2,392
7,633,noise,4,852
7,634,no_noise,4,95
7,635,no_noise,4,465
7,636,no_noise,4,446
7,637,noise,2,117
7,638,noise,4,834
7,639,noise,2,317
7,640,no_noise,2,262
7,641,no_noise,1,415
7,642,noise,1,429
7,643,no_noise,2,179
7,644,no_noise,1,187
7,645,no_noise,2,833
7,646,no_noise,4,234
7,647,no_noise,2,606
7,648,noise,2,615
7,649,no_noise,2,712
7,650,no_noise,1,72
7,651,no_noise,1,783
7,652,no_noise,2,832
7,653,noise,2,162
7,654,no_noise,4,821
7,655,no_noise,1,294
7,656,noise,1,447
7,657,no_noise,2,546
7,658,noise,1,882
7,659,no_noise,4,743
7,660,no_noise,2,338
7,661,noise,1,379
7,662,no_noise,4,320
7,663,noise,4,534
7,664,noise,4,55
7,665,no_noise,4,86
7,666,noise,2,731
7,667,no_noise,1,428
7,668,no_noise,1,419
7,669,no_noise,2,734
7,670,no_noise,1,756
7,671,no_noise,1,541
7,672,noise,2,64
7,673,noise,1,213
7,674,no_noise,1,119
7,675,no_noise,1,551
7,676,no_noise,2,673
7,677,noise,2,620
7,678,no_noise,2,774
7,679,noise,1,585
7,680,noise,2,79
7,681,noise,1,906
7,682,noise,4,421
7,683,noise,4,501
7,684,noise,1,565
7,685,no_noise,2,775
7,686,noise,1,57
7,687,noise,2,107
7,688,no_noise,4,512
7,689,noise,1,323
7,690,noise,4,154
7,691,no_noise,1,758
7,692,noise,2,271
7,693,no_noise,2,74
7,694,noise,4,776
7,695,no_noise,4,205
7,696,no_noise,1,54
7,697,no_noise,1,263
7,698,no_noise,4,459
7,699,no_noise,2,397
7,700,no_noise,1,911
