prot_id,trial_id,noise_present,no_targets,trajectory_id
4,301,noise,4,182
4,302,no_noise,1,337
4,303,no_noise,4,202
4,304,no_noise,2,246
4,305,noise,4,524
4,306,noise,4,28
4,307,no_noise,4,679
4,308,no_noise,1,268
4,309,noise,1,142
4,310,noise,1,581
4,311,noise,1,487
4,312,noise,4,414
4,313,no_noise,4,110
4,314,noise,2,891
4,315,no_noise,2,449
4,316,no_noise,4,46
4,317,noise,1,792
4,318,noise,1,552
4,319,noise,1,456
4,320,no_noise,1,290
4,321,no_noise,1,128
4,322,no_noise,4,27
4,323,noise,1,840
4,324,no_noise,2,406
4,325,noise,4,726
4,326,noise,1,77
4,327,no_noise,2,799
4,328,no_noise,4,853
4,329,noise,4,634
4,330,no_noise,4,598
4,331,no_noise,4,579
4,332,noise,4,815
4,333,noise,2,580
4,334,no_noise,1,347
4,335,noise,4,236
4,336,noise,1,138
4,337,no_noise,4,396
4,338,noise,2,905
4,339,noise,1,746
4,340,noise,1,391
4,341,no_noise,2,357
4,342,noise,1,473
4,343,no_noise,4,440
4,344,no_noise,1,19
4,345,no_noise,4,48
4,346,noise,1,502
4,347,no_noise,4,34
4,348,noise,2,540
4,349,noise,2,264
4,350,no_noise,4,656
4,351,noise,4,493
4,352,no_noise,4,105
4,353,noise,1,554
4,354,noise,4,582
4,355,no_noise,4,741
4,356,noise,4,417
4,357,no_noise,1,224
4,358,no_noise,1,161
4,359,noise,4,436
4,360,no_noise,1,334
4,361,noise,2,269
4,362,no_noise,4,855
4,363,no_noise,1,375
4,364,no_noise,4,572
4,365,no_noise,1,574
4,366,noise,4,252
4,367,no_noise,4,222
4,368,noise,4,41
4,369,noise,2,484
4,370,noise,1,864
4,371,no_noise,1,306
4,372,noise,2,112
4,373,noise,2,87
4,374,noise,2,450
4,375,no_noise,2,722
4,376,no_noise,1,163
4,377,no_noise,1,431
4,378,noise,2,152
4,379,no_noise,4,626
4,380,noise,1,771
4,381,noise,4,716
4,382,noise,2,686
4,383,noise,4,875
4,384,noise,4,765
4,385,no_noise,2,339
4,386,no_noise,4,847
4,387,no_noise,4,597
4,388,no_noise,4,736
4,389,no_noise,1,313
4,390,no_noise,2,724
4,391,no_noise,1,97
4,392,no_noise,1,232
4,393,no_noise,1,870
4,394,no_noise,1,665
4,395,noise,4,676
4,396,noise,1,166
4,397,no_noise,2,492
4,398,noise,2,312
4,399,noise,2,822
4,400,noise,1,325
