prot_id,trial_id,noise_present,no_targets,trajectory_id
2,101,noise,4,848
2,102,no_noise,2,812
2,103,noise,2,148
2,104,noise,2,664
2,105,noise,1,747
2,106,noise,4,890
2,107,noise,1,319
2,108,noise,2,576
2,109,noise,1,216
2,110,no_noise,4,442
2,111,noise,2,555
2,112,noise,2,279
2,113,no_noise,2,688
2,114,noise,2,499
2,115,no_noise,4,369
2,116,noise,1,389
2,117,no_noise,1,295
2,118,noise,1,73
2,119,no_noise,1,735
2,120,noise,2,49
2,121,no_noise,2,328
2,122,noise,1,630
2,123,noise,4,628
2,124,noise,4,228
2,125,no_noise,4,649
2,126,no_noise,4,621
2,127,noise,4,569
2,128,no_noise,2,503
2,129,no_noise,1,604
2,130,noise,4,625
2,131,noise,4,587
2,132,noise,4,383
2,133,no_noise,1,445
2,134,noise,2,804
2,135,noise,1,472
2,136,noise,1,345
2,137,no_noise,4,210
2,138,noise,4,103
2,139,no_noise,2,405
2,140,no_noise,1,326
2,141,no_noise,1,892
2,142,noise,1,310
2,143,no_noise,4,78
2,144,no_noise,1,648
2,145,noise,1,300
2,146,no_noise,1,353
2,147,no_noise,2,622
2,148,no_noise,2,818
2,149,noise,4,92
2,150,no_noise,1,296
2,151,no_noise,4,504
2,152,noise,4,742
2,153,noise,1,794
2,154,noise,4,830
2,155,noise,2,761
2,156,no_noise,2,545
2,157,noise,4,521
2,158,no_noise,4,100
2,159,noise,2,903
2,160,no_noise,1,586
2,161,noise,2,223
2,162,no_noise,2,515
2,163,noise,1,474
2,164,noise,1,730
2,165,no_noise,2,817
2,166,no_noise,1,468
2,167,no_noise,1,106
2,168,noise,4,99
2,169,no_noise,2,20
2,170,noise,2,887
2,171,no_noise,1,58
2,172,noise,2,486
2,173,noise,2,677
2,174,no_noise,1,646
2,175,noise,2,156
2,176,no_noise,4,365
2,177,no_noise,4,506
2,178,noise,2,689
2,179,no_noise,4,387
2,180,no_noise,1,647
2,181,no_noise,2,523
2,182,noise,2,491
2,183,noise,4,844
2,184,noise,2,640
2,185,no_noise,4,910
2,186,no_noise,1,544
2,187,noise,2,695
2,188,no_noise,1,318
2,189,noise,1,372
2,190,noise,2,190
2,191,no_noise,2,639
2,192,noise,1,584
2,193,noise,2,309
2,194,noise,1,732
2,195,no_noise,1,763
2,196,noise,4,901
2,197,noise,4,738
2,198,noise,1,45
2,199,noise,2,813
2,200,noise,1,256
