prot_id,trial_id,no_targets,noise_present,trajectory_id
6,501,2,no_noise,427
6,502,1,noise,351
6,503,1,no_noise,895
6,504,4,no_noise,65
6,505,1,noise,152
6,506,1,no_noise,559
6,507,1,no_noise,522
6,508,4,no_noise,66
6,509,1,noise,815
6,510,2,noise,192
6,511,4,noise,163
6,512,1,noise,299
6,513,1,no_noise,838
6,514,1,no_noise,900
6,515,1,no_noise,836
6,516,1,no_noise,714
6,517,1,noise,635
6,518,4,noise,859
6,519,4,no_noise,832
6,520,1,no_noise,378
6,521,4,noise,580
6,522,1,no_noise,168
6,523,1,noise,539
6,524,2,no_noise,560
6,525,4,no_noise,482
6,526,1,noise,822
6,527,1,noise,90
6,528,1,no_noise,141
6,529,2,noise,150
6,530,1,no_noise,769
6,531,1,no_noise,529
6,532,1,noise,646
6,533,4,noise,225
6,534,2,noise,521
6,535,4,no_noise,254
6,536,2,no_noise,798
6,537,4,noise,551
6,538,2,noise,776
6,539,1,noise,730
6,540,1,no_noise,61
6,541,1,noise,607
6,542,2,no_noise,700
6,543,2,no_noise,725
6,544,4,no_noise,581
6,545,1,no_noise,171
6,546,1,noise,509
6,547,2,noise,138
6,548,2,noise,749
6,549,4,noise,194
6,550,2,no_noise,184
6,551,1,noise,871
6,552,2,no_noise,909
6,553,2,noise,80
6,554,2,noise,60
6,555,1,noise,630
6,556,2,noise,196
6,557,2,no_noise,642
6,558,1,noise,901
6,559,4,no_noise,419
6,560,1,noise,249
6,561,2,no_noise,101
6,562,1,no_noise,563
6,563,1,noise,176
6,564,1,no_noise,444
6,565,1,no_noise,499
6,566,2,noise,671
6,567,4,no_noise,803
6,568,4,noise,107
6,569,1,no_noise,161
6,570,1,no_noise,795
6,571,1,no_noise,599
6,572,2,no_noise,804
6,573,1,noise,424
6,574,2,no_noise,713
6,575,2,noise,289
6,576,4,no_noise,187
6,577,1,no_noise,793
6,578,4,noise,754
6,579,4,noise,446
6,580,1,noise,234
6,581,1,noise,439
6,582,1,no_noise,405
6,583,2,no_noise,528
6,584,4,no_noise,232
6,585,1,noise,156
6,586,2,no_noise,883
6,587,2,noise,199
6,588,2,noise,625
6,589,2,no_noise,445
6,590,2,no_noise,334
6,591,2,noise,666
6,592,4,no_noise,193
6,593,2,noise,279
6,594,1,noise,106
6,595,4,noise,491
6,596,1,no_noise,468
6,597,4,noise,827
6,598,4,noise,447
6,599,4,noise,619
6,600,2,no_noise,857
