prot_id,trial_id,no_targets,noise_present,trajectory_id
9,801,1,noise,21
9,802,2,no_noise,775
9,803,2,noise,492
9,804,4,noise,383
9,805,2,no_noise,189
9,806,4,no_noise,828
9,807,1,noise,112
9,808,4,noise,510
9,809,4,no_noise,436
9,810,1,no_noise,608
9,811,1,noise,478
9,812,2,noise,735
9,813,2,noise,266
9,814,4,noise,525
9,815,1,no_noise,11
9,816,4,noise,733
9,817,2,no_noise,613
9,818,1,no_noise,550
9,819,2,no_noise,228
9,820,2,no_noise,237
9,821,4,no_noise,816
9,822,2,noise,308
9,823,1,no_noise,349
9,824,1,noise,877
9,825,2,noise,783
9,826,2,no_noise,743
9,827,1,no_noise,648
9,828,2,no_noise,219
9,829,4,no_noise,408
9,830,4,no_noise,84
9,831,1,noise,649
9,832,4,no_noise,512
9,833,4,noise,321
9,834,1,no_noise,710
9,835,4,noise,677
9,836,4,no_noise,800
9,837,4,noise,458
9,838,2,noise,780
9,839,4,no_noise,538
9,840,2,no_noise,629
9,841,1,no_noise,853
9,842,4,no_noise,403
9,843,4,noise,123
9,844,1,noise,300
9,845,1,noise,303
9,846,4,no_noise,285
9,847,4,no_noise,400
9,848,1,noise,734
9,849,2,no_noise,513
9,850,4,no_noise,472
9,851,1,noise,128
9,852,1,noise,688
9,853,2,no_noise,359
9,854,1,no_noise,399
9,855,1,noise,43
9,856,2,no_noise,322
9,857,1,no_noise,364
9,858,2,no_noise,381
9,859,4,no_noise,388
9,860,4,no_noise,120
9,861,1,no_noise,305
9,862,1,no_noise,825
9,863,2,noise,437
9,864,2,no_noise,350
9,865,1,noise,858
9,866,1,no_noise,555
9,867,1,noise,265
9,868,2,no_noise,257
9,869,2,no_noise,849
9,870,4,noise,453
9,871,2,noise,565
9,872,1,no_noise,809
9,873,4,noise,425
9,874,2,no_noise,252
9,875,4,noise,637
9,876,1,no_noise,561
9,877,4,no_noise,142
9,878,2,no_noise,575
9,879,2,no_noise,802
9,880,2,noise,282
9,881,2,noise,772
9,882,1,noise,675
9,883,1,noise,271
9,884,1,no_noise,354
9,885,4,noise,672
9,886,1,noise,54
9,887,1,noise,850
9,888,1,no_noise,229
9,889,1,no_noise,736
9,890,2,no_noise,329
9,891,1,no_noise,579
9,892,2,no_noise,892
9,893,1,no_noise,656
9,894,4,noise,469
9,895,4,noise,173
9,896,2,noise,365
9,897,2,no_noise,53
9,898,2,noise,457
9,899,1,noise,556
9,900,2,noise,616
