prot_id,trial_id,no_targets,noise_present,trajectory_id
7,601,4,noise,27
7,602,4,noise,7
7,603,2,no_noise,182
7,604,4,no_noise,659
7,605,4,no_noise,806
7,606,1,noise,570
7,607,2,no_noise,160
7,608,1,no_noise,443
7,609,1,no_noise,864
7,610,2,no_noise,319
7,611,4,no_noise,571
7,612,1,no_noise,638
7,613,1,noise,222
7,614,4,no_noise,33
7,615,2,noise,180
7,616,2,noise,684
7,617,2,noise,215
7,618,2,no_noise,906
7,619,1,no_noise,139
7,620,2,noise,527
7,621,4,noise,85
7,622,4,no_noise,879
7,623,4,noise,583
7,624,1,no_noise,82
7,625,4,noise,572
7,626,1,noise,25
7,627,2,no_noise,658
7,628,4,no_noise,901
7,629,2,noise,302
7,630,2,noise,41
7,631,4,noise,260
7,632,1,noise,467
7,633,2,no_noise,404
7,634,1,no_noise,810
7,635,2,noise,218
7,636,2,no_noise,681
7,637,2,noise,748
7,638,2,noise,325
7,639,2,noise,811
7,640,2,no_noise,526
7,641,4,noise,30
7,642,4,noise,179
7,643,4,noise,657
7,644,2,noise,205
7,645,4,no_noise,377
7,646,1,noise,898
7,647,1,noise,460
7,648,4,no_noise,153
7,649,1,noise,493
7,650,2,no_noise,644
7,651,4,no_noise,251
7,652,1,noise,532
7,653,4,noise,186
7,654,4,no_noise,353
7,655,2,no_noise,552
7,656,4,noise,338
7,657,1,noise,29
7,658,4,noise,779
7,659,1,noise,331
7,660,1,noise,63
7,661,1,no_noise,474
7,662,4,noise,261
7,663,4,no_noise,209
7,664,1,no_noise,712
7,665,4,noise,876
7,666,4,noise,9
7,667,1,noise,612
7,668,4,noise,99
7,669,4,noise,210
7,670,2,no_noise,830
7,671,2,noise,591
7,672,2,no_noise,701
7,673,4,noise,49
7,674,4,no_noise,624
7,675,4,no_noise,311
7,676,1,noise,520
7,677,1,no_noise,104
7,678,1,noise,110
7,679,4,no_noise,51
7,680,1,no_noise,358
7,681,4,noise,428
7,682,1,noise,676
7,683,2,no_noise,17
7,684,2,noise,56
7,685,4,noise,739
7,686,2,noise,480
7,687,2,no_noise,862
7,688,2,noise,770
7,689,2,no_noise,342
7,690,4,no_noise,747
7,691,2,no_noise,645
7,692,2,no_noise,94
7,693,1,no_noise,392
7,694,1,noise,728
7,695,2,no_noise,333
7,696,4,noise,566
7,697,1,no_noise,441
7,698,1,noise,479
7,699,1,noise,248
7,700,2,noise,158
