prot_id,trial_id,no_targets,noise_present,trajectory_id
1,1,4,noise,255
1,2,1,no_noise,553
1,3,4,noise,609
1,4,4,noise,615
1,5,1,noise,355
1,6,4,no_noise,665
1,7,1,no_noise,395
1,8,4,noise,246
1,9,2,noise,489
1,10,1,no_noise,903
1,11,1,no_noise,727
1,12,1,no_noise,500
1,13,2,noise,37
1,14,1,no_noise,801
1,15,2,no_noise,867
1,16,1,noise,537
1,17,2,no_noise,310
1,18,4,no_noise,750
1,19,1,no_noise,57
1,20,2,noise,8
1,21,2,noise,621
1,22,1,no_noise,276
1,23,4,noise,376
1,24,4,noise,664
1,25,4,noise,315
1,26,1,no_noise,604
1,27,1,noise,178
1,28,2,no_noise,340
1,29,2,no_noise,114
1,30,2,no_noise,787
1,31,2,noise,432
1,32,4,no_noise,386
1,33,2,no_noise,380
1,34,1,no_noise,631
1,35,4,noise,817
1,36,2,noise,596
1,37,4,noise,170
1,38,2,no_noise,111
1,39,4,no_noise,397
1,40,2,no_noise,70
1,41,1,no_noise,442
1,42,1,noise,290
1,43,2,no_noise,723
1,44,4,noise,301
1,45,1,no_noise,835
1,46,1,no_noise,181
1,47,2,no_noise,463
1,48,1,noise,902
1,49,1,no_noise,204
1,50,4,noise,844
1,51,2,no_noise,55
1,52,2,no_noise,426
1,53,4,noise,784
1,54,1,no_noise,792
1,55,1,noise,497
1,56,4,no_noise,417
1,57,4,no_noise,18
1,58,4,noise,717
1,59,1,noise,312
1,60,2,no_noise,534
1,61,4,noise,741
1,62,1,noise,533
1,63,1,no_noise,906
1,64,4,no_noise,375
1,65,2,no_noise,105
1,66,1,noise,488
1,67,4,noise,689
1,68,4,noise,640
1,69,2,no_noise,242
1,70,1,noise,652
1,71,1,noise,483
1,72,2,noise,459
1,73,2,noise,805
1,74,4,noise,692
1,75,1,noise,715
1,76,4,no_noise,78
1,77,2,no_noise,897
1,78,4,noise,568
1,79,1,noise,240
1,80,4,no_noise,335
1,81,2,noise,905
1,82,2,noise,790
1,83,2,no_noise,185
1,84,4,noise,683
1,85,4,noise,207
1,86,4,no_noise,274
1,87,2,noise,72
1,88,4,no_noise,269
1,89,2,noise,614
1,90,1,no_noise,83
1,91,1,no_noise,885
1,92,1,no_noise,36
1,93,2,no_noise,336
1,94,4,noise,724
1,95,2,no_noise,545
1,96,4,noise,505
1,97,2,noise,588
1,98,2,noise,283
1,99,4,noise,904
1,100,2,no_noise,524
