prot_id,trial_id,no_targets,noise_present,trajectory_id
5,401,1,no_noise,654
5,402,4,no_noise,738
5,403,2,no_noise,740
5,404,4,no_noise,718
5,405,2,no_noise,610
5,406,4,noise,861
5,407,4,noise,711
5,408,4,noise,69
5,409,1,noise,653
5,410,4,noise,758
5,411,1,no_noise,601
5,412,4,noise,134
5,413,2,noise,633
5,414,1,noise,756
5,415,1,noise,86
5,416,2,no_noise,519
5,417,4,no_noise,267
5,418,2,noise,373
5,419,2,no_noise,369
5,420,2,noise,518
5,421,4,noise,466
5,422,4,no_noise,777
5,423,2,noise,330
5,424,1,noise,782
5,425,1,no_noise,87
5,426,4,no_noise,414
5,427,2,noise,387
5,428,2,noise,422
5,429,4,no_noise,789
5,430,4,no_noise,363
5,431,4,noise,407
5,432,2,no_noise,691
5,433,1,noise,872
5,434,2,noise,357
5,435,2,noise,562
5,436,2,noise,149
5,437,4,noise,50
5,438,2,noise,345
5,439,2,noise,93
5,440,1,no_noise,188
5,441,2,noise,230
5,442,4,no_noise,39
5,443,2,noise,549
5,444,2,no_noise,742
5,445,2,no_noise,130
5,446,2,no_noise,903
5,447,4,no_noise,462
5,448,1,no_noise,766
5,449,2,noise,623
5,450,4,no_noise,382
5,451,2,no_noise,118
5,452,2,no_noise,10
5,453,2,no_noise,275
5,454,1,noise,71
5,455,4,noise,96
5,456,2,noise,567
5,457,2,noise,346
5,458,2,noise,880
5,459,2,noise,42
5,460,1,no_noise,632
5,461,1,noise,669
5,462,1,noise,258
5,463,4,no_noise,477
5,464,1,no_noise,517
5,465,4,no_noise,384
5,466,2,no_noise,280
5,467,2,noise,773
5,468,1,noise,485
5,469,1,no_noise,127
5,470,2,noise,410
5,471,2,noise,435
5,472,4,noise,878
5,473,2,no_noise,679
5,474,1,no_noise,673
5,475,1,no_noise,379
5,476,1,no_noise,617
5,477,1,no_noise,502
5,478,1,noise,851
5,479,2,noise,320
5,480,4,no_noise,516
5,481,4,noise,639
5,482,4,noise,685
5,483,4,no_noise,761
5,484,4,no_noise,440
5,485,1,no_noise,767
5,486,1,no_noise,698
5,487,1,no_noise,75
5,488,4,noise,337
5,489,4,noise,471
5,490,4,noise,244
5,491,2,noise,136
5,492,1,noise,159
5,493,4,no_noise,498
5,494,4,noise,496
5,495,4,noise,166
5,496,1,noise,226
5,497,1,no_noise,856
5,498,2,noise,634
5,499,4,no_noise,68
5,500,4,no_noise,420
