prot_id,trial_id,no_targets,noise_present,trajectory_id
2,101,4,no_noise,578
2,102,4,no_noise,589
2,103,2,no_noise,788
2,104,2,noise,277
2,105,4,no_noise,97
2,106,2,no_noise,865
2,107,2,noise,762
2,108,1,no_noise,593
2,109,4,no_noise,175
2,110,4,noise,416
2,111,2,noise,263
2,112,2,no_noise,293
2,113,4,no_noise,854
2,114,4,no_noise,647
2,115,1,no_noise,846
2,116,4,no_noise,14
2,117,1,noise,729
2,118,2,noise,755
2,119,2,no_noise,452
2,120,2,no_noise,641
2,121,4,no_noise,473
2,122,1,no_noise,584
2,123,4,no_noise,396
2,124,2,noise,732
2,125,1,noise,557
2,126,2,noise,757
2,127,1,no_noise,212
2,128,1,noise,547
2,129,2,no_noise,650
2,130,4,noise,544
2,131,2,noise,167
2,132,2,no_noise,348
2,133,2,noise,686
2,134,4,noise,46
2,135,4,no_noise,448
2,136,4,no_noise,76
2,137,4,no_noise,347
2,138,1,noise,585
2,139,4,noise,896
2,140,1,noise,297
2,141,4,no_noise,52
2,142,1,no_noise,20
2,143,4,noise,31
2,144,2,no_noise,162
2,145,1,noise,887
2,146,4,noise,622
2,147,2,noise,268
2,148,4,no_noise,768
2,149,2,no_noise,873
2,150,1,no_noise,103
2,151,1,no_noise,250
2,152,1,no_noise,737
2,153,2,noise,690
2,154,2,no_noise,511
2,155,4,no_noise,595
2,156,2,noise,92
2,157,2,no_noise,611
2,158,4,no_noise,590
2,159,1,noise,875
2,160,2,noise,201
2,161,4,no_noise,145
2,162,4,noise,64
2,163,2,noise,366
2,164,4,noise,314
2,165,2,noise,88
2,166,4,noise,535
2,167,2,noise,796
2,168,1,noise,523
2,169,1,no_noise,695
2,170,4,no_noise,627
2,171,4,noise,91
2,172,2,no_noise,592
2,173,4,no_noise,899
2,174,1,no_noise,891
2,175,2,noise,475
2,176,1,noise,855
2,177,2,no_noise,794
2,178,2,noise,889
2,179,4,noise,35
2,180,4,noise,577
2,181,4,no_noise,678
2,182,4,no_noise,220
2,183,4,noise,144
2,184,4,no_noise,129
2,185,1,noise,603
2,186,2,noise,662
2,187,2,noise,866
2,188,1,noise,313
2,189,2,noise,102
2,190,2,no_noise,284
2,191,2,noise,318
2,192,4,noise,486
2,193,4,no_noise,605
2,194,1,no_noise,203
2,195,1,no_noise,356
2,196,4,no_noise,370
2,197,2,no_noise,197
2,198,4,noise,495
2,199,1,no_noise,504
2,200,1,noise,515
