prot_id,trial_id,no_targets,noise_present,trajectory_id
8,701,4,no_noise,542
8,702,4,no_noise,831
8,703,4,noise,323
8,704,1,noise,115
8,705,4,no_noise,328
8,706,2,noise,667
8,707,2,no_noise,344
8,708,1,noise,501
8,709,4,no_noise,98
8,710,2,noise,751
8,711,1,no_noise,752
8,712,1,noise,89
8,713,2,no_noise,423
8,714,4,noise,294
8,715,4,noise,841
8,716,1,no_noise,332
8,717,2,noise,874
8,718,1,no_noise,418
8,719,4,noise,829
8,720,2,noise,890
8,721,2,no_noise,119
8,722,4,no_noise,137
8,723,2,no_noise,842
8,724,1,noise,81
8,725,2,no_noise,807
8,726,4,noise,361
8,727,1,noise,146
8,728,1,noise,200
8,729,2,noise,409
8,730,2,no_noise,339
8,731,1,no_noise,834
8,732,2,noise,540
8,733,1,no_noise,433
8,734,1,noise,214
8,735,1,no_noise,508
8,736,2,no_noise,745
8,737,1,noise,135
8,738,4,no_noise,707
8,739,4,no_noise,451
8,740,4,no_noise,541
8,741,1,noise,771
8,742,1,no_noise,389
8,743,4,no_noise,164
8,744,4,noise,155
8,745,2,noise,487
8,746,4,no_noise,494
8,747,2,no_noise,719
8,748,2,noise,124
8,749,2,noise,401
8,750,1,noise,253
8,751,1,noise,716
8,752,4,no_noise,833
8,753,1,noise,636
8,754,2,no_noise,371
8,755,2,no_noise,238
8,756,1,noise,576
8,757,2,no_noise,295
8,758,2,noise,814
8,759,4,no_noise,431
8,760,1,no_noise,821
8,761,2,no_noise,708
8,762,4,no_noise,121
8,763,2,noise,507
8,764,2,noise,693
8,765,2,noise,372
8,766,4,noise,231
8,767,1,noise,530
8,768,4,no_noise,385
8,769,4,no_noise,597
8,770,4,noise,531
8,771,1,noise,464
8,772,2,noise,133
8,773,2,no_noise,819
8,774,2,noise,217
8,775,2,no_noise,191
8,776,4,noise,391
8,777,2,noise,598
8,778,2,noise,886
8,779,4,noise,113
8,780,2,noise,157
8,781,2,noise,169
8,782,1,noise,904
8,783,4,no_noise,820
8,784,4,noise,600
8,785,2,no_noise,264
8,786,1,no_noise,884
8,787,2,noise,465
8,788,4,noise,618
8,789,4,no_noise,781
8,790,1,no_noise,655
8,791,1,no_noise,687
8,792,4,no_noise,291
8,793,4,noise,406
8,794,2,no_noise,224
8,795,2,noise,143
8,796,2,no_noise,722
8,797,4,no_noise,461
8,798,4,no_noise,843
8,799,2,no_noise,202
8,800,1,noise,367
