prot_id,trial_id,no_targets,noise_present,trajectory_id
3,201,4,no_noise,670
3,202,4,noise,326
3,203,1,no_noise,799
3,204,2,noise,506
3,205,4,noise,704
3,206,1,noise,368
3,207,2,noise,450
3,208,1,no_noise,706
3,209,1,noise,911
3,210,1,no_noise,587
3,211,1,no_noise,77
3,212,4,noise,343
3,213,2,no_noise,132
3,214,4,no_noise,902
3,215,4,noise,44
3,216,4,noise,484
3,217,4,no_noise,808
3,218,1,noise,430
3,219,2,noise,154
3,220,4,noise,840
3,221,2,noise,67
3,222,1,noise,785
3,223,2,no_noise,190
3,224,4,no_noise,753
3,225,2,no_noise,126
3,226,2,no_noise,573
3,227,1,no_noise,262
3,228,1,noise,778
3,229,2,no_noise,882
3,230,1,no_noise,514
3,231,4,no_noise,731
3,232,4,noise,602
3,233,2,noise,22
3,234,4,no_noise,309
3,235,1,noise,905
3,236,1,noise,298
3,237,1,noise,236
3,238,4,no_noise,421
3,239,2,noise,272
3,240,1,noise,682
3,241,2,no_noise,256
3,242,2,no_noise,394
3,243,1,noise,628
3,244,1,no_noise,543
3,245,4,noise,881
3,246,1,no_noise,287
3,247,1,noise,763
3,248,1,noise,569
3,249,2,no_noise,341
3,250,4,no_noise,47
3,251,4,no_noise,306
3,252,4,no_noise,74
3,253,1,noise,273
3,254,1,no_noise,411
3,255,1,no_noise,108
3,256,1,no_noise,216
3,257,2,no_noise,845
3,258,2,no_noise,172
3,259,1,no_noise,316
3,260,2,no_noise,680
3,261,2,noise,324
3,262,1,noise,765
3,263,2,no_noise,606
3,264,4,noise,454
3,265,2,noise,239
3,266,4,noise,546
3,267,1,noise,233
3,268,4,no_noise,481
3,269,4,no_noise,818
3,270,2,no_noise,59
3,271,4,no_noise,839
3,272,2,noise,247
3,273,4,no_noise,40
3,274,1,no_noise,292
3,275,1,noise,16
3,276,4,no_noise,558
3,277,4,noise,151
3,278,4,noise,195
3,279,4,no_noise,122
3,280,2,no_noise,824
3,281,1,no_noise,177
3,282,1,no_noise,390
3,283,4,no_noise,227
3,284,4,noise,548
3,285,1,no_noise,413
3,286,2,no_noise,476
3,287,1,noise,73
3,288,2,noise,791
3,289,4,no_noise,694
3,290,4,noise,564
3,291,4,noise,699
3,292,4,no_noise,148
3,293,4,no_noise,703
3,294,1,no_noise,868
3,295,4,noise,281
3,296,1,noise,23
3,297,4,noise,62
3,298,1,noise,455
3,299,1,no_noise,100
3,300,4,no_noise,304
