prot_id,trial_id,no_targets,noise_present,trajectory_id
4,301,1,no_noise,259
4,302,4,noise,245
4,303,1,noise,721
4,304,1,no_noise,586
4,305,4,noise,812
4,306,1,no_noise,116
4,307,2,no_noise,174
4,308,1,noise,393
4,309,1,no_noise,661
4,310,4,noise,109
4,311,4,noise,206
4,312,1,noise,95
4,313,1,no_noise,317
4,314,2,no_noise,147
4,315,4,no_noise,79
4,316,2,noise,131
4,317,1,noise,235
4,318,2,noise,307
4,319,4,no_noise,456
4,320,1,noise,243
4,321,4,no_noise,470
4,322,4,noise,48
4,323,1,noise,574
4,324,2,noise,221
4,325,2,no_noise,860
4,326,1,noise,668
4,327,1,noise,13
4,328,1,no_noise,746
4,329,4,no_noise,15
4,330,2,noise,582
4,331,2,no_noise,223
4,332,2,noise,327
4,333,1,no_noise,503
4,334,2,noise,38
4,335,2,no_noise,19
4,336,4,noise,490
4,337,2,no_noise,893
4,338,4,no_noise,759
4,339,1,no_noise,34
4,340,4,noise,726
4,341,2,noise,797
4,342,1,no_noise,278
4,343,4,no_noise,213
4,344,4,no_noise,208
4,345,2,no_noise,362
4,346,4,no_noise,165
4,347,2,noise,352
4,348,1,no_noise,360
4,349,4,noise,536
4,350,2,noise,837
4,351,2,no_noise,894
4,352,1,noise,45
4,353,4,noise,58
4,354,4,noise,620
4,355,4,noise,910
4,356,2,no_noise,296
4,357,2,no_noise,270
4,358,2,noise,374
4,359,2,noise,848
4,360,4,noise,786
4,361,4,no_noise,847
4,362,1,noise,12
4,363,1,noise,626
4,364,1,no_noise,660
4,365,1,noise,28
4,366,4,no_noise,764
4,367,2,no_noise,288
4,368,4,no_noise,24
4,369,1,noise,869
4,370,4,noise,117
4,371,1,no_noise,709
4,372,1,noise,415
4,373,1,no_noise,554
4,374,4,noise,125
4,375,4,noise,852
4,376,2,noise,760
4,377,2,no_noise,594
4,378,4,no_noise,720
4,379,1,noise,398
4,380,2,noise,402
4,381,2,no_noise,705
4,382,1,no_noise,429
4,383,1,noise,140
4,384,1,noise,211
4,385,4,no_noise,674
4,386,4,noise,32
4,387,1,no_noise,198
4,388,1,no_noise,888
4,389,1,noise,908
4,390,2,noise,870
4,391,2,no_noise,696
4,392,1,no_noise,449
4,393,4,no_noise,907
4,394,2,noise,774
4,395,1,noise,744
4,396,2,noise,651
4,397,1,no_noise,823
4,398,4,noise,813
4,399,1,no_noise,697
4,400,4,no_noise,663
