prot_id,trial_id,noise_present,no_targets,trajectory_id
9,801,no_noise,2,258
9,802,no_noise,1,614
9,803,no_noise,4,145
9,804,no_noise,1,768
9,805,noise,4,521
9,806,noise,1,762
9,807,noise,1,670
9,808,noise,2,177
9,809,no_noise,4,298
9,810,noise,1,580
9,811,noise,4,201
9,812,no_noise,1,111
9,813,no_noise,1,406
9,814,noise,4,782
9,815,noise,1,452
9,816,no_noise,4,443
9,817,noise,1,325
9,818,noise,2,898
9,819,noise,1,305
9,820,no_noise,1,404
9,821,no_noise,1,58
9,822,noise,4,635
9,823,noise,4,627
9,824,noise,2,825
9,825,noise,2,260
9,826,noise,4,276
9,827,noise,2,84
9,828,noise,1,550
9,829,no_noise,4,800
9,830,no_noise,1,390
9,831,noise,1,324
9,832,noise,4,676
9,833,no_noise,2,104
9,834,no_noise,1,430
9,835,no_noise,1,31
9,836,noise,2,482
9,837,no_noise,4,154
9,838,noise,4,89
9,839,noise,2,523
9,840,noise,1,343
9,841,no_noise,4,536
9,842,no_noise,4,45
9,843,noise,4,509
9,844,noise,4,817
9,845,no_noise,4,192
9,846,no_noise,4,216
9,847,no_noise,4,476
9,848,no_noise,4,238
9,849,no_noise,2,894
9,850,noise,1,677
9,851,noise,1,553
9,852,noise,2,369
9,853,noise,2,737
9,854,no_noise,1,64
9,855,noise,2,725
9,856,no_noise,4,464
9,857,no_noise,1,835
9,858,no_noise,1,882
9,859,noise,1,655
9,860,noise,4,722
9,861,no_noise,4,348
9,862,no_noise,1,120
9,863,noise,4,793
9,864,no_noise,2,794
9,865,no_noise,1,39
9,866,noise,2,682
9,867,noise,1,747
9,868,noise,1,696
9,869,no_noise,2,279
9,870,noise,4,281
9,871,no_noise,4,147
9,872,noise,1,35
9,873,no_noise,4,76
9,874,no_noise,1,483
9,875,no_noise,2,463
9,876,no_noise,4,410
9,877,no_noise,4,501
9,878,noise,4,861
9,879,noise,4,706
9,880,noise,1,268
9,881,no_noise,2,330
9,882,noise,4,178
9,883,no_noise,4,693
9,884,noise,2,128
9,885,no_noise,2,136
9,886,noise,1,599
9,887,noise,4,602
9,888,noise,1,689
9,889,noise,2,910
9,890,noise,4,94
9,891,no_noise,1,309
9,892,no_noise,2,432
9,893,noise,1,769
9,894,noise,2,763
9,895,noise,4,379
9,896,no_noise,4,871
9,897,noise,1,791
9,898,noise,1,351
9,899,no_noise,1,606
9,900,no_noise,2,42
