prot_id,trial_id,noise_present,no_targets,trajectory_id
6,501,noise,2,301
6,502,noise,1,155
6,503,no_noise,4,431
6,504,noise,1,444
6,505,no_noise,2,51
6,506,no_noise,1,388
6,507,no_noise,2,539
6,508,noise,1,901
6,509,no_noise,4,220
6,510,noise,2,844
6,511,no_noise,1,490
6,512,noise,4,537
6,513,noise,1,665
6,514,noise,2,642
6,515,noise,1,803
6,516,noise,4,405
6,517,no_noise,1,297
6,518,noise,1,554
6,519,no_noise,2,821
6,520,no_noise,2,911
6,521,no_noise,2,264
6,522,noise,1,604
6,523,noise,1,895
6,524,noise,1,881
6,525,no_noise,4,158
6,526,no_noise,4,411
6,527,noise,2,485
6,528,no_noise,4,57
6,529,no_noise,1,248
6,530,no_noise,1,867
6,531,noise,4,557
6,532,no_noise,4,765
6,533,noise,4,63
6,534,noise,4,290
6,535,noise,1,474
6,536,noise,4,815
6,537,noise,1,532
6,538,noise,1,23
6,539,noise,2,641
6,540,no_noise,4,218
6,541,noise,1,857
6,542,no_noise,2,876
6,543,no_noise,1,819
6,544,noise,2,115
6,545,noise,4,778
6,546,noise,2,196
6,547,no_noise,4,32
6,548,noise,2,456
6,549,no_noise,4,240
6,550,noise,4,199
6,551,noise,1,21
6,552,no_noise,2,691
6,553,noise,1,754
6,554,no_noise,2,352
6,555,noise,2,212
6,556,no_noise,2,17
6,557,no_noise,2,316
6,558,no_noise,2,66
6,559,noise,2,809
6,560,noise,4,864
6,561,no_noise,1,518
6,562,noise,2,353
6,563,noise,4,581
6,564,noise,2,908
6,565,noise,1,249
6,566,noise,4,595
6,567,no_noise,4,151
6,568,no_noise,4,440
6,569,no_noise,2,421
6,570,noise,4,345
6,571,noise,2,734
6,572,noise,4,607
6,573,no_noise,1,176
6,574,noise,1,342
6,575,no_noise,1,544
6,576,no_noise,1,909
6,577,noise,4,425
6,578,noise,1,133
6,579,no_noise,4,841
6,580,no_noise,1,659
6,581,no_noise,4,688
6,582,no_noise,4,707
6,583,noise,1,906
6,584,noise,2,146
6,585,no_noise,4,164
6,586,no_noise,1,121
6,587,noise,4,784
6,588,noise,1,591
6,589,no_noise,4,396
6,590,no_noise,2,873
6,591,noise,2,306
6,592,no_noise,1,102
6,593,no_noise,2,9
6,594,noise,4,109
6,595,noise,2,85
6,596,noise,2,75
6,597,no_noise,1,569
6,598,no_noise,4,122
6,599,no_noise,1,903
6,600,noise,2,374
