prot_id,trial_id,noise_present,no_targets,trajectory_id
3,201,no_noise,2,300
3,202,no_noise,2,161
3,203,noise,4,265
3,204,noise,4,185
3,205,no_noise,1,903
3,206,noise,1,837
3,207,noise,1,738
3,208,noise,1,441
3,209,noise,4,619
3,210,no_noise,4,843
3,211,no_noise,1,629
3,212,no_noise,2,24
3,213,noise,1,414
3,214,no_noise,1,326
3,215,no_noise,2,105
3,216,noise,1,34
3,217,no_noise,2,776
3,218,noise,4,124
3,219,noise,4,110
3,220,no_noise,1,572
3,221,noise,2,203
3,222,no_noise,4,68
3,223,noise,2,236
3,224,no_noise,2,231
3,225,no_noise,1,246
3,226,no_noise,2,424
3,227,no_noise,2,610
3,228,noise,1,189
3,229,no_noise,1,365
3,230,no_noise,2,461
3,231,noise,2,831
3,232,noise,2,250
3,233,noise,2,225
3,234,no_noise,1,384
3,235,noise,4,514
3,236,no_noise,1,259
3,237,no_noise,1,450
3,238,no_noise,2,262
3,239,no_noise,1,62
3,240,no_noise,4,47
3,241,no_noise,1,263
3,242,noise,2,775
3,243,no_noise,2,664
3,244,noise,1,397
3,245,no_noise,4,287
3,246,noise,2,380
3,247,no_noise,2,621
3,248,no_noise,2,173
3,249,noise,1,321
3,250,no_noise,4,293
3,251,no_noise,2,552
3,252,noise,4,80
3,253,noise,1,208
3,254,noise,1,904
3,255,no_noise,4,78
3,256,noise,4,824
3,257,no_noise,2,679
3,258,noise,2,785
3,259,noise,4,477
3,260,noise,4,172
3,261,noise,2,674
3,262,no_noise,2,157
3,263,noise,2,169
3,264,noise,2,243
3,265,noise,1,833
3,266,noise,2,107
3,267,no_noise,4,278
3,268,noise,4,678
3,269,noise,4,233
3,270,no_noise,1,741
3,271,noise,1,704
3,272,no_noise,4,756
3,273,no_noise,4,586
3,274,no_noise,2,889
3,275,no_noise,2,70
3,276,no_noise,2,132
3,277,noise,2,448
3,278,no_noise,2,750
3,279,no_noise,2,270
3,280,noise,1,608
3,281,noise,4,418
3,282,no_noise,1,764
3,283,no_noise,4,103
3,284,noise,4,188
3,285,no_noise,4,335
3,286,no_noise,2,751
3,287,noise,4,385
3,288,noise,4,494
3,289,no_noise,2,355
3,290,noise,1,489
3,291,noise,1,437
3,292,no_noise,2,336
3,293,no_noise,4,160
3,294,noise,2,209
3,295,no_noise,4,869
3,296,no_noise,2,548
3,297,no_noise,4,901
3,298,noise,4,394
3,299,noise,1,708
3,300,no_noise,4,587
