prot_id,trial_id,noise_present,no_targets,trajectory_id
8,701,no_noise,1,55
8,702,no_noise,2,291
8,703,no_noise,1,596
8,704,no_noise,4,551
8,705,no_noise,2,724
8,706,no_noise,1,774
8,707,noise,2,519
8,708,no_noise,1,579
8,709,no_noise,4,33
8,710,no_noise,4,253
8,711,noise,1,20
8,712,no_noise,2,82
8,713,noise,2,27
8,714,no_noise,2,202
8,715,no_noise,2,190
8,716,noise,2,480
8,717,no_noise,2,271
8,718,no_noise,1,292
8,719,noise,4,73
8,720,noise,1,615
8,721,noise,4,375
8,722,no_noise,4,715
8,723,noise,2,633
8,724,no_noise,1,245
8,725,no_noise,2,118
8,726,no_noise,2,117
8,727,noise,1,822
8,728,noise,4,320
8,729,noise,1,247
8,730,noise,2,368
8,731,noise,2,433
8,732,no_noise,4,721
8,733,no_noise,1,52
8,734,no_noise,4,687
8,735,no_noise,2,341
8,736,noise,1,473
8,737,no_noise,1,574
8,738,noise,4,500
8,739,no_noise,1,130
8,740,noise,2,112
8,741,no_noise,2,59
8,742,no_noise,4,656
8,743,no_noise,4,223
8,744,noise,4,163
8,745,noise,2,413
8,746,noise,1,184
8,747,noise,1,488
8,748,no_noise,4,211
8,749,no_noise,2,449
8,750,noise,1,123
8,751,no_noise,2,880
8,752,noise,2,91
8,753,noise,1,475
8,754,no_noise,1,636
8,755,noise,1,896
8,756,noise,2,883
8,757,no_noise,1,402
8,758,noise,4,269
8,759,no_noise,1,318
8,760,no_noise,2,377
8,761,noise,4,186
8,762,noise,1,428
8,763,noise,2,106
8,764,no_noise,4,757
8,765,no_noise,1,257
8,766,no_noise,4,717
8,767,no_noise,2,727
8,768,noise,4,419
8,769,no_noise,1,100
8,770,no_noise,1,772
8,771,no_noise,2,904
8,772,no_noise,2,357
8,773,no_noise,4,499
8,774,no_noise,2,672
8,775,noise,2,83
8,776,noise,1,838
8,777,noise,4,657
8,778,noise,1,555
8,779,noise,1,899
8,780,no_noise,4,165
8,781,noise,2,535
8,782,no_noise,1,503
8,783,noise,4,50
8,784,no_noise,2,589
8,785,no_noise,1,859
8,786,noise,2,516
8,787,no_noise,2,454
8,788,noise,1,284
8,789,noise,4,575
8,790,no_noise,1,467
8,791,no_noise,4,366
8,792,noise,2,363
8,793,noise,1,486
8,794,noise,4,630
8,795,no_noise,1,16
8,796,noise,1,256
8,797,noise,4,851
8,798,noise,1,773
8,799,noise,4,30
8,800,noise,4,515
