prot_id,trial_id,noise_present,no_targets,trajectory_id
1,1,noise,4,458
1,2,no_noise,2,200
1,3,noise,4,422
1,4,no_noise,4,651
1,5,no_noise,2,307
1,6,noise,1,647
1,7,noise,2,312
1,8,noise,1,736
1,9,no_noise,1,528
1,10,no_noise,4,29
1,11,no_noise,1,346
1,12,noise,1,618
1,13,noise,1,420
1,14,noise,1,660
1,15,noise,1,577
1,16,no_noise,1,592
1,17,no_noise,2,829
1,18,no_noise,4,187
1,19,no_noise,4,255
1,20,noise,2,703
1,21,no_noise,4,744
1,22,noise,2,816
1,23,noise,1,885
1,24,no_noise,1,19
1,25,no_noise,2,144
1,26,noise,2,156
1,27,noise,4,668
1,28,no_noise,4,712
1,29,noise,4,832
1,30,no_noise,1,439
1,31,no_noise,1,395
1,32,no_noise,2,601
1,33,no_noise,4,758
1,34,noise,2,275
1,35,no_noise,2,401
1,36,noise,2,511
1,37,no_noise,2,564
1,38,no_noise,4,878
1,39,noise,4,127
1,40,no_noise,4,879
1,41,no_noise,1,344
1,42,noise,4,226
1,43,noise,4,108
1,44,noise,1,730
1,45,noise,2,131
1,46,noise,4,789
1,47,noise,2,195
1,48,no_noise,1,436
1,49,noise,1,690
1,50,noise,2,845
1,51,no_noise,2,571
1,52,noise,1,645
1,53,no_noise,4,469
1,54,no_noise,4,570
1,55,no_noise,4,491
1,56,noise,2,224
1,57,noise,1,328
1,58,no_noise,4,799
1,59,no_noise,2,303
1,60,noise,1,367
1,61,no_noise,2,710
1,62,noise,4,96
1,63,noise,1,860
1,64,noise,4,576
1,65,no_noise,4,653
1,66,no_noise,4,447
1,67,no_noise,1,723
1,68,noise,1,855
1,69,noise,4,460
1,70,noise,2,709
1,71,noise,2,726
1,72,noise,4,530
1,73,no_noise,2,340
1,74,noise,1,804
1,75,no_noise,2,71
1,76,noise,4,755
1,77,no_noise,1,288
1,78,noise,1,15
1,79,no_noise,2,38
1,80,no_noise,1,745
1,81,noise,2,139
1,82,noise,2,14
1,83,noise,4,170
1,84,noise,4,662
1,85,no_noise,1,680
1,86,noise,4,181
1,87,noise,2,167
1,88,no_noise,2,495
1,89,no_noise,1,282
1,90,noise,4,609
1,91,noise,4,470
1,92,no_noise,2,398
1,93,noise,4,206
1,94,noise,2,613
1,95,noise,1,148
1,96,noise,1,616
1,97,noise,4,317
1,98,noise,2,40
1,99,noise,4,219
1,100,no_noise,2,179
