prot_id,trial_id,noise_present,no_targets,trajectory_id
4,301,no_noise,1,792
4,302,no_noise,2,197
4,303,noise,2,695
4,304,noise,2,191
4,305,noise,2,381
4,306,noise,4,719
4,307,noise,2,720
4,308,no_noise,1,370
4,309,no_noise,2,671
4,310,noise,2,364
4,311,no_noise,4,559
4,312,noise,2,731
4,313,noise,4,540
4,314,noise,2,274
4,315,no_noise,2,892
4,316,noise,2,669
4,317,noise,4,739
4,318,noise,4,99
4,319,no_noise,4,545
4,320,noise,2,455
4,321,noise,1,862
4,322,noise,1,18
4,323,noise,2,698
4,324,no_noise,2,888
4,325,noise,4,280
4,326,noise,4,49
4,327,noise,1,623
4,328,no_noise,4,347
4,329,no_noise,4,686
4,330,noise,1,295
4,331,no_noise,4,65
4,332,noise,2,129
4,333,no_noise,4,805
4,334,no_noise,4,214
4,335,noise,4,565
4,336,no_noise,1,770
4,337,no_noise,2,603
4,338,no_noise,2,48
4,339,noise,2,858
4,340,no_noise,2,593
4,341,noise,2,496
4,342,no_noise,1,620
4,343,no_noise,4,423
4,344,noise,1,46
4,345,no_noise,2,361
4,346,noise,1,907
4,347,no_noise,1,870
4,348,no_noise,4,626
4,349,no_noise,4,853
4,350,no_noise,2,67
4,351,no_noise,2,887
4,352,noise,2,22
4,353,noise,2,273
4,354,noise,1,752
4,355,noise,2,605
4,356,no_noise,2,806
4,357,noise,2,319
4,358,no_noise,4,322
4,359,noise,2,733
4,360,no_noise,1,114
4,361,noise,2,506
4,362,noise,4,611
4,363,noise,4,797
4,364,no_noise,1,742
4,365,noise,2,56
4,366,noise,2,358
4,367,noise,4,126
4,368,no_noise,2,235
4,369,no_noise,2,8
4,370,noise,2,897
4,371,no_noise,1,795
4,372,noise,1,314
4,373,no_noise,4,43
4,374,noise,2,487
4,375,no_noise,1,513
4,376,noise,4,481
4,377,no_noise,1,753
4,378,no_noise,4,558
4,379,no_noise,4,311
4,380,no_noise,4,426
4,381,no_noise,2,87
4,382,no_noise,1,389
4,383,noise,1,446
4,384,noise,4,828
4,385,no_noise,1,25
4,386,noise,2,478
4,387,noise,2,760
4,388,noise,2,371
4,389,noise,2,252
4,390,no_noise,1,646
4,391,no_noise,1,299
4,392,noise,4,152
4,393,no_noise,1,818
4,394,noise,2,543
4,395,noise,2,684
4,396,no_noise,1,493
4,397,noise,1,198
4,398,no_noise,1,484
4,399,no_noise,4,598
4,400,noise,1,142
