prot_id,trial_id,noise_present,no_targets,trajectory_id
7,601,no_noise,4,339
7,602,noise,2,902
7,603,noise,1,451
7,604,noise,4,194
7,605,noise,2,162
7,606,noise,1,254
7,607,noise,1,716
7,608,noise,2,771
7,609,noise,4,234
7,610,noise,1,510
7,611,no_noise,4,373
7,612,no_noise,2,310
7,613,no_noise,1,761
7,614,noise,2,141
7,615,noise,1,86
7,616,noise,4,852
7,617,no_noise,1,409
7,618,noise,4,372
7,619,noise,4,232
7,620,no_noise,4,728
7,621,no_noise,1,542
7,622,no_noise,2,583
7,623,no_noise,2,735
7,624,no_noise,4,403
7,625,no_noise,1,308
7,626,noise,1,54
7,627,no_noise,2,77
7,628,no_noise,1,28
7,629,no_noise,1,692
7,630,no_noise,4,193
7,631,noise,1,459
7,632,noise,1,582
7,633,no_noise,2,697
7,634,no_noise,2,625
7,635,noise,4,416
7,636,no_noise,4,7
7,637,no_noise,1,512
7,638,no_noise,1,41
7,639,no_noise,1,468
7,640,no_noise,1,116
7,641,no_noise,1,349
7,642,no_noise,2,72
7,643,noise,4,866
7,644,noise,1,893
7,645,noise,2,101
7,646,no_noise,4,525
7,647,no_noise,1,37
7,648,noise,4,906
7,649,noise,1,504
7,650,noise,1,732
7,651,no_noise,1,547
7,652,no_noise,1,227
7,653,no_noise,4,399
7,654,noise,2,137
7,655,no_noise,1,666
7,656,no_noise,1,520
7,657,noise,1,332
7,658,no_noise,1,143
7,659,no_noise,2,277
7,660,no_noise,2,561
7,661,no_noise,1,658
7,662,no_noise,2,777
7,663,noise,4,331
7,664,no_noise,4,505
7,665,no_noise,2,239
7,666,noise,1,781
7,667,noise,4,93
7,668,no_noise,1,159
7,669,noise,4,699
7,670,noise,4,329
7,671,no_noise,1,313
7,672,no_noise,2,796
7,673,no_noise,4,585
7,674,noise,4,634
7,675,noise,1,507
7,676,no_noise,1,134
7,677,no_noise,1,315
7,678,noise,2,205
7,679,noise,2,661
7,680,noise,4,848
7,681,no_noise,1,622
7,682,noise,1,766
7,683,noise,2,407
7,684,noise,2,786
7,685,no_noise,2,631
7,686,no_noise,1,802
7,687,no_noise,4,153
7,688,noise,2,877
7,689,no_noise,2,652
7,690,noise,1,650
7,691,noise,2,221
7,692,no_noise,2,60
7,693,noise,2,875
7,694,no_noise,4,392
7,695,no_noise,2,890
7,696,noise,1,624
7,697,no_noise,2,393
7,698,noise,4,814
7,699,noise,4,53
7,700,noise,4,479
