prot_id,trial_id,noise_present,no_targets,trajectory_id
2,101,noise,2,798
2,102,noise,4,683
2,103,no_noise,2,210
2,104,noise,1,534
2,105,noise,4,612
2,106,no_noise,4,10
2,107,noise,2,222
2,108,no_noise,1,261
2,109,no_noise,2,546
2,110,noise,4,902
2,111,no_noise,2,502
2,112,noise,4,713
2,113,no_noise,4,140
2,114,noise,2,387
2,115,no_noise,1,714
2,116,no_noise,2,597
2,117,noise,4,718
2,118,no_noise,4,780
2,119,no_noise,2,400
2,120,noise,2,323
2,121,no_noise,2,337
2,122,no_noise,2,573
2,123,noise,1,600
2,124,no_noise,2,759
2,125,no_noise,1,531
2,126,no_noise,2,681
2,127,noise,1,746
2,128,noise,2,376
2,129,noise,2,842
2,130,noise,1,69
2,131,noise,4,567
2,132,noise,1,174
2,133,no_noise,4,820
2,134,noise,2,846
2,135,noise,2,92
2,136,no_noise,1,808
2,137,no_noise,2,847
2,138,no_noise,4,527
2,139,noise,1,812
2,140,no_noise,1,563
2,141,no_noise,1,891
2,142,no_noise,4,827
2,143,noise,1,667
2,144,no_noise,1,408
2,145,noise,2,648
2,146,noise,4,497
2,147,no_noise,4,302
2,148,no_noise,1,207
2,149,no_noise,4,830
2,150,noise,1,242
2,151,no_noise,1,327
2,152,no_noise,2,649
2,153,no_noise,4,526
2,154,no_noise,1,872
2,155,noise,4,429
2,156,no_noise,4,856
2,157,no_noise,1,840
2,158,no_noise,2,383
2,159,no_noise,1,644
2,160,no_noise,1,61
2,161,noise,1,471
2,162,noise,4,171
2,163,no_noise,4,884
2,164,noise,4,813
2,165,no_noise,4,462
2,166,noise,2,711
2,167,no_noise,4,743
2,168,no_noise,1,801
2,169,no_noise,4,457
2,170,no_noise,1,854
2,171,no_noise,4,560
2,172,noise,4,900
2,173,no_noise,2,675
2,174,noise,2,251
2,175,noise,2,632
2,176,no_noise,2,556
2,177,no_noise,2,180
2,178,noise,4,517
2,179,noise,4,135
2,180,noise,2,74
2,181,no_noise,4,788
2,182,noise,2,166
2,183,no_noise,2,285
2,184,no_noise,1,748
2,185,noise,1,304
2,186,noise,4,905
2,187,no_noise,4,244
2,188,no_noise,4,213
2,189,no_noise,4,267
2,190,noise,2,541
2,191,noise,4,886
2,192,noise,4,182
2,193,noise,4,266
2,194,noise,4,836
2,195,noise,4,701
2,196,noise,1,95
2,197,no_noise,2,729
2,198,noise,4,628
2,199,no_noise,4,386
2,200,no_noise,2,415
