prot_id,trial_id,noise_present,no_targets,trajectory_id
5,401,no_noise,2,640
5,402,noise,2,217
5,403,no_noise,4,334
5,404,no_noise,4,11
5,405,noise,1,639
5,406,no_noise,4,296
5,407,no_noise,4,874
5,408,no_noise,4,453
5,409,no_noise,4,654
5,410,noise,2,119
5,411,noise,1,138
5,412,noise,2,79
5,413,no_noise,4,498
5,414,no_noise,4,617
5,415,noise,1,584
5,416,no_noise,4,807
5,417,noise,1,524
5,418,no_noise,4,360
5,419,noise,1,790
5,420,no_noise,2,578
5,421,no_noise,2,427
5,422,noise,2,113
5,423,no_noise,1,229
5,424,noise,4,834
5,425,no_noise,2,529
5,426,noise,2,362
5,427,noise,1,382
5,428,no_noise,1,81
5,429,no_noise,4,823
5,430,no_noise,1,359
5,431,no_noise,4,175
5,432,no_noise,4,685
5,433,noise,2,44
5,434,noise,1,13
5,435,no_noise,2,673
5,436,noise,4,465
5,437,noise,4,237
5,438,noise,1,294
5,439,noise,1,749
5,440,noise,4,88
5,441,no_noise,1,594
5,442,no_noise,1,865
5,443,no_noise,2,638
5,444,no_noise,4,98
5,445,no_noise,2,850
5,446,noise,1,378
5,447,noise,2,350
5,448,no_noise,1,562
5,449,noise,4,391
5,450,no_noise,1,272
5,451,noise,1,705
5,452,noise,1,228
5,453,no_noise,1,435
5,454,noise,1,849
5,455,no_noise,2,522
5,456,noise,4,590
5,457,no_noise,1,810
5,458,noise,1,868
5,459,no_noise,4,566
5,460,noise,2,839
5,461,no_noise,2,588
5,462,no_noise,2,568
5,463,no_noise,4,442
5,464,no_noise,4,700
5,465,noise,4,549
5,466,no_noise,1,472
5,467,no_noise,1,338
5,468,noise,2,354
5,469,no_noise,4,533
5,470,noise,2,168
5,471,no_noise,4,663
5,472,no_noise,4,767
5,473,no_noise,1,740
5,474,noise,4,90
5,475,no_noise,2,215
5,476,noise,2,811
5,477,no_noise,4,230
5,478,noise,1,787
5,479,noise,1,12
5,480,no_noise,2,36
5,481,noise,4,150
5,482,no_noise,1,779
5,483,noise,2,283
5,484,noise,4,905
5,485,noise,2,356
5,486,no_noise,2,694
5,487,noise,1,204
5,488,no_noise,1,508
5,489,no_noise,4,783
5,490,noise,4,538
5,491,no_noise,2,149
5,492,no_noise,2,417
5,493,noise,1,125
5,494,noise,4,289
5,495,no_noise,2,445
5,496,noise,2,97
5,497,no_noise,2,466
5,498,noise,2,492
5,499,no_noise,1,637
5,500,no_noise,1,333
