prot_id,trial_id,no_targets,noise_present,trajectory_id
7,601,1,noise,800
7,602,2,no_noise,496
7,603,2,no_noise,390
7,604,1,noise,425
7,605,2,no_noise,906
7,606,2,no_noise,420
7,607,1,noise,108
7,608,4,no_noise,557
7,609,1,no_noise,828
7,610,1,no_noise,682
7,611,1,noise,261
7,612,1,noise,102
7,613,4,noise,620
7,614,2,noise,39
7,615,4,noise,365
7,616,4,noise,881
7,617,4,noise,600
7,618,4,noise,767
7,619,1,no_noise,100
7,620,2,noise,195
7,621,1,no_noise,494
7,622,1,no_noise,454
7,623,4,no_noise,34
7,624,2,noise,138
7,625,1,noise,458
7,626,4,no_noise,795
7,627,4,no_noise,791
7,628,4,no_noise,179
7,629,1,no_noise,18
7,630,2,noise,606
7,631,4,noise,759
7,632,2,noise,429
7,633,4,noise,896
7,634,4,noise,725
7,635,2,noise,802
7,636,4,no_noise,38
7,637,2,noise,796
7,638,2,noise,184
7,639,4,noise,222
7,640,2,no_noise,187
7,641,2,no_noise,493
7,642,2,no_noise,729
7,643,2,noise,766
7,644,2,noise,624
7,645,4,noise,560
7,646,1,noise,450
7,647,1,noise,385
7,648,4,no_noise,846
7,649,1,no_noise,345
7,650,1,no_noise,460
7,651,2,noise,741
7,652,2,noise,36
7,653,1,noise,647
7,654,2,no_noise,789
7,655,4,no_noise,763
7,656,1,no_noise,621
7,657,2,noise,300
7,658,2,no_noise,838
7,659,2,no_noise,717
7,660,2,no_noise,210
7,661,1,noise,347
7,662,1,no_noise,750
7,663,2,noise,296
7,664,2,no_noise,430
7,665,4,no_noise,235
7,666,2,no_noise,419
7,667,1,noise,774
7,668,4,no_noise,827
7,669,2,no_noise,605
7,670,2,noise,333
7,671,4,noise,751
7,672,4,no_noise,639
7,673,1,noise,411
7,674,4,no_noise,772
7,675,1,no_noise,781
7,676,2,no_noise,461
7,677,1,no_noise,773
7,678,2,noise,40
7,679,2,no_noise,538
7,680,4,noise,745
7,681,2,noise,674
7,682,1,no_noise,283
7,683,2,noise,422
7,684,1,no_noise,231
7,685,1,no_noise,463
7,686,2,no_noise,742
7,687,1,noise,209
7,688,2,noise,907
7,689,4,noise,177
7,690,1,no_noise,258
7,691,2,no_noise,31
7,692,1,noise,175
7,693,2,noise,861
7,694,4,no_noise,145
7,695,2,no_noise,833
7,696,4,noise,202
7,697,1,noise,268
7,698,2,no_noise,634
7,699,4,noise,217
7,700,1,noise,734
