prot_id,trial_id,no_targets,noise_present,trajectory_id
4,301,1,noise,645
4,302,2,no_noise,224
4,303,4,noise,29
4,304,1,no_noise,55
4,305,2,no_noise,475
4,306,1,noise,189
4,307,1,no_noise,352
4,308,2,no_noise,436
4,309,2,no_noise,151
4,310,4,no_noise,367
4,311,4,no_noise,68
4,312,4,noise,428
4,313,1,no_noise,323
4,314,4,no_noise,589
4,315,2,noise,472
4,316,2,no_noise,276
4,317,4,noise,98
4,318,2,no_noise,266
4,319,2,noise,594
4,320,2,no_noise,319
4,321,4,noise,558
4,322,1,no_noise,119
4,323,1,no_noise,743
4,324,1,noise,658
4,325,4,no_noise,611
4,326,2,noise,341
4,327,1,noise,316
4,328,1,noise,693
4,329,1,noise,655
4,330,2,no_noise,136
4,331,1,no_noise,503
4,332,4,noise,410
4,333,4,noise,514
4,334,4,no_noise,48
4,335,1,noise,421
4,336,2,noise,146
4,337,1,no_noise,487
4,338,1,noise,120
4,339,4,no_noise,692
4,340,1,noise,665
4,341,2,no_noise,267
4,342,4,noise,669
4,343,1,no_noise,689
4,344,1,no_noise,830
4,345,4,noise,610
4,346,4,noise,841
4,347,1,no_noise,350
4,348,4,no_noise,227
4,349,4,noise,340
4,350,1,no_noise,676
4,351,4,no_noise,91
4,352,4,no_noise,903
4,353,4,no_noise,706
4,354,4,noise,253
4,355,4,noise,76
4,356,1,no_noise,7
4,357,4,noise,226
4,358,2,no_noise,733
4,359,4,no_noise,163
4,360,2,no_noise,93
4,361,2,no_noise,499
4,362,2,no_noise,24
4,363,1,no_noise,701
4,364,4,no_noise,142
4,365,2,noise,534
4,366,1,no_noise,446
4,367,2,no_noise,404
4,368,2,noise,666
4,369,4,no_noise,906
4,370,1,no_noise,510
4,371,1,no_noise,663
4,372,1,no_noise,262
4,373,1,no_noise,714
4,374,1,no_noise,858
4,375,1,noise,442
4,376,1,noise,118
4,377,2,noise,242
4,378,4,no_noise,541
4,379,1,noise,478
4,380,1,no_noise,361
4,381,1,noise,727
4,382,1,noise,776
4,383,1,no_noise,598
4,384,1,noise,196
4,385,4,no_noise,64
4,386,4,no_noise,476
4,387,2,noise,678
4,388,2,noise,696
4,389,4,noise,697
4,390,2,noise,439
4,391,1,noise,614
4,392,1,no_noise,599
4,393,2,noise,15
4,394,1,no_noise,414
4,395,4,no_noise,45
4,396,1,noise,871
4,397,1,no_noise,162
4,398,4,no_noise,462
4,399,1,noise,816
4,400,4,noise,566
