prot_id,trial_id,no_targets,noise_present,trajectory_id
1,1,1,no_noise,622
1,2,1,noise,10
1,3,4,noise,744
1,4,4,noise,721
1,5,1,noise,798
1,6,1,noise,259
1,7,1,noise,535
1,8,4,no_noise,735
1,9,1,noise,295
1,10,2,noise,135
1,11,2,no_noise,315
1,12,1,noise,569
1,13,4,no_noise,813
1,14,4,no_noise,456
1,15,2,noise,910
1,16,1,no_noise,14
1,17,1,no_noise,213
1,18,1,no_noise,768
1,19,4,no_noise,710
1,20,2,no_noise,500
1,21,1,noise,459
1,22,2,noise,72
1,23,1,noise,126
1,24,4,noise,595
1,25,4,no_noise,60
1,26,2,noise,853
1,27,1,noise,845
1,28,1,no_noise,627
1,29,1,noise,573
1,30,2,noise,797
1,31,4,noise,629
1,32,2,no_noise,413
1,33,2,noise,699
1,34,4,noise,232
1,35,1,no_noise,897
1,36,1,no_noise,233
1,37,1,noise,310
1,38,1,noise,124
1,39,2,noise,309
1,40,2,no_noise,41
1,41,4,no_noise,397
1,42,2,noise,479
1,43,2,noise,250
1,44,1,noise,192
1,45,2,no_noise,80
1,46,1,noise,130
1,47,2,no_noise,612
1,48,2,no_noise,867
1,49,4,noise,318
1,50,1,noise,143
1,51,4,noise,237
1,52,4,noise,806
1,53,2,no_noise,153
1,54,1,no_noise,334
1,55,2,no_noise,480
1,56,1,noise,451
1,57,4,noise,164
1,58,2,no_noise,260
1,59,2,no_noise,719
1,60,1,no_noise,415
1,61,2,no_noise,737
1,62,1,no_noise,110
1,63,2,no_noise,150
1,64,2,noise,628
1,65,4,no_noise,890
1,66,4,no_noise,786
1,67,4,noise,718
1,68,4,no_noise,812
1,69,1,noise,281
1,70,2,noise,203
1,71,2,no_noise,770
1,72,4,no_noise,874
1,73,4,noise,181
1,74,4,noise,908
1,75,2,noise,407
1,76,4,noise,49
1,77,2,noise,577
1,78,1,no_noise,103
1,79,4,no_noise,652
1,80,1,noise,79
1,81,4,noise,530
1,82,1,no_noise,97
1,83,1,no_noise,452
1,84,2,noise,465
1,85,4,no_noise,625
1,86,4,noise,57
1,87,4,no_noise,9
1,88,1,no_noise,567
1,89,4,noise,525
1,90,4,noise,616
1,91,2,no_noise,512
1,92,2,noise,760
1,93,1,no_noise,252
1,94,4,noise,444
1,95,1,no_noise,63
1,96,1,no_noise,803
1,97,4,noise,591
1,98,1,noise,363
1,99,2,no_noise,712
1,100,1,no_noise,713
