prot_id,trial_id,no_targets,noise_present,trajectory_id
5,401,4,noise,527
5,402,2,noise,756
5,403,1,noise,822
5,404,2,no_noise,198
5,405,1,noise,174
5,406,1,noise,223
5,407,4,no_noise,392
5,408,1,noise,811
5,409,1,no_noise,651
5,410,1,no_noise,379
5,411,2,noise,477
5,412,4,noise,596
5,413,4,noise,520
5,414,2,no_noise,667
5,415,2,no_noise,122
5,416,2,no_noise,654
5,417,4,noise,720
5,418,4,noise,8
5,419,2,no_noise,194
5,420,4,noise,505
5,421,4,no_noise,335
5,422,4,noise,761
5,423,1,noise,869
5,424,1,noise,818
5,425,1,noise,601
5,426,1,no_noise,909
5,427,1,noise,524
5,428,2,noise,685
5,429,4,no_noise,388
5,430,2,no_noise,707
5,431,1,no_noise,889
5,432,4,no_noise,542
5,433,2,noise,313
5,434,2,noise,141
5,435,4,no_noise,847
5,436,1,no_noise,484
5,437,1,noise,149
5,438,4,noise,348
5,439,2,no_noise,320
5,440,1,no_noise,338
5,441,2,no_noise,304
5,442,2,no_noise,154
5,443,1,no_noise,297
5,444,1,no_noise,354
5,445,1,no_noise,555
5,446,4,no_noise,866
5,447,4,no_noise,619
5,448,2,no_noise,518
5,449,4,noise,16
5,450,1,no_noise,380
5,451,2,noise,382
5,452,2,noise,837
5,453,1,no_noise,52
5,454,2,no_noise,661
5,455,4,noise,677
5,456,2,no_noise,81
5,457,2,no_noise,105
5,458,4,no_noise,440
5,459,4,no_noise,191
5,460,2,no_noise,157
5,461,4,no_noise,355
5,462,2,no_noise,370
5,463,2,no_noise,435
5,464,4,no_noise,33
5,465,4,no_noise,400
5,466,2,no_noise,556
5,467,4,no_noise,21
5,468,2,no_noise,20
5,469,1,no_noise,214
5,470,1,noise,27
5,471,2,noise,248
5,472,4,no_noise,89
5,473,4,no_noise,587
5,474,4,noise,501
5,475,1,no_noise,23
5,476,4,no_noise,467
5,477,2,no_noise,868
5,478,1,no_noise,839
5,479,2,noise,900
5,480,1,noise,244
5,481,1,noise,553
5,482,1,noise,549
5,483,4,noise,449
5,484,4,no_noise,427
5,485,1,no_noise,832
5,486,4,noise,159
5,487,2,noise,602
5,488,4,noise,875
5,489,1,no_noise,732
5,490,4,no_noise,277
5,491,1,noise,293
5,492,4,noise,523
5,493,2,noise,443
5,494,1,noise,562
5,495,1,no_noise,112
5,496,2,noise,178
5,497,1,no_noise,78
5,498,2,noise,905
5,499,1,no_noise,17
5,500,1,no_noise,275
