prot_id,trial_id,no_targets,noise_present,trajectory_id
8,701,1,noise,109
8,702,2,no_noise,780
8,703,2,noise,158
8,704,2,no_noise,537
8,705,1,no_noise,695
8,706,4,no_noise,358
8,707,1,noise,583
8,708,4,noise,302
8,709,4,no_noise,728
8,710,4,no_noise,486
8,711,1,noise,585
8,712,4,no_noise,43
8,713,1,no_noise,325
8,714,2,no_noise,366
8,715,2,no_noise,580
8,716,2,noise,641
8,717,2,noise,290
8,718,1,no_noise,635
8,719,4,noise,342
8,720,1,noise,529
8,721,2,noise,872
8,722,4,no_noise,46
8,723,4,noise,581
8,724,1,noise,137
8,725,4,no_noise,457
8,726,4,no_noise,381
8,727,2,noise,545
8,728,4,no_noise,731
8,729,2,noise,432
8,730,1,no_noise,850
8,731,1,no_noise,865
8,732,4,noise,792
8,733,1,no_noise,656
8,734,2,no_noise,32
8,735,4,no_noise,546
8,736,4,noise,836
8,737,4,noise,506
8,738,1,noise,817
8,739,2,noise,700
8,740,2,no_noise,561
8,741,1,noise,176
8,742,4,noise,849
8,743,2,noise,111
8,744,4,no_noise,899
8,745,2,noise,294
8,746,2,noise,854
8,747,4,no_noise,516
8,748,1,noise,42
8,749,2,no_noise,257
8,750,4,no_noise,322
8,751,2,noise,522
8,752,1,no_noise,321
8,753,1,noise,285
8,754,1,no_noise,453
8,755,4,noise,169
8,756,4,no_noise,236
8,757,1,noise,389
8,758,1,no_noise,708
8,759,4,no_noise,755
8,760,4,no_noise,640
8,761,4,noise,824
8,762,4,no_noise,274
8,763,2,no_noise,668
8,764,1,noise,705
8,765,4,noise,715
8,766,2,no_noise,73
8,767,4,noise,50
8,768,1,no_noise,104
8,769,1,no_noise,28
8,770,4,noise,468
8,771,4,no_noise,148
8,772,4,no_noise,369
8,773,4,no_noise,200
8,774,2,noise,673
8,775,2,no_noise,391
8,776,2,noise,711
8,777,4,no_noise,905
8,778,2,noise,574
8,779,2,no_noise,548
8,780,1,noise,359
8,781,2,noise,902
8,782,4,noise,618
8,783,2,no_noise,531
8,784,4,noise,746
8,785,1,noise,221
8,786,2,no_noise,291
8,787,4,noise,85
8,788,2,no_noise,722
8,789,2,noise,659
8,790,1,no_noise,694
8,791,4,noise,156
8,792,4,no_noise,426
8,793,1,no_noise,437
8,794,1,no_noise,884
8,795,2,noise,418
8,796,4,noise,125
8,797,4,no_noise,161
8,798,1,no_noise,631
8,799,2,no_noise,337
8,800,4,no_noise,878
