prot_id,trial_id,no_targets,noise_present,trajectory_id
9,801,1,noise,550
9,802,1,noise,586
9,803,4,noise,327
9,804,1,no_noise,490
9,805,4,noise,287
9,806,1,no_noise,25
9,807,1,no_noise,265
9,808,1,noise,86
9,809,4,no_noise,593
9,810,2,no_noise,902
9,811,1,no_noise,680
9,812,2,no_noise,809
9,813,4,noise,160
9,814,2,no_noise,255
9,815,2,no_noise,882
9,816,2,noise,70
9,817,2,no_noise,855
9,818,4,noise,273
9,819,2,no_noise,360
9,820,2,noise,649
9,821,1,no_noise,201
9,822,4,noise,431
9,823,2,noise,592
9,824,2,no_noise,332
9,825,2,no_noise,129
9,826,2,no_noise,188
9,827,2,noise,485
9,828,1,no_noise,740
9,829,4,no_noise,726
9,830,2,no_noise,808
9,831,4,no_noise,82
9,832,1,noise,904
9,833,1,no_noise,393
9,834,2,noise,911
9,835,1,noise,552
9,836,4,noise,306
9,837,2,no_noise,497
9,838,1,noise,356
9,839,1,noise,563
9,840,4,no_noise,346
9,841,2,no_noise,843
9,842,4,noise,377
9,843,1,noise,834
9,844,1,no_noise,238
9,845,2,no_noise,35
9,846,1,noise,272
9,847,2,no_noise,30
9,848,2,noise,134
9,849,4,no_noise,887
9,850,4,no_noise,588
9,851,4,no_noise,864
9,852,2,noise,483
9,853,1,noise,571
9,854,1,no_noise,155
9,855,1,noise,754
9,856,1,no_noise,74
9,857,4,no_noise,771
9,858,2,no_noise,344
9,859,4,no_noise,533
9,860,1,noise,212
9,861,1,noise,305
9,862,4,noise,399
9,863,2,no_noise,852
9,864,4,no_noise,53
9,865,2,noise,607
9,866,2,noise,256
9,867,4,no_noise,205
9,868,4,noise,778
9,869,1,noise,704
9,870,4,no_noise,739
9,871,1,no_noise,433
9,872,4,no_noise,368
9,873,2,no_noise,58
9,874,2,noise,308
9,875,1,no_noise,353
9,876,2,noise,498
9,877,2,noise,489
9,878,1,no_noise,193
9,879,1,no_noise,299
9,880,4,no_noise,186
9,881,4,noise,307
9,882,1,no_noise,44
9,883,2,no_noise,885
9,884,4,no_noise,441
9,885,2,no_noise,765
9,886,4,no_noise,650
9,887,4,no_noise,783
9,888,2,no_noise,230
9,889,4,noise,664
9,890,2,noise,330
9,891,1,no_noise,466
9,892,2,noise,13
9,893,2,noise,234
9,894,4,no_noise,684
9,895,4,no_noise,470
9,896,4,no_noise,61
9,897,1,no_noise,298
9,898,2,no_noise,114
9,899,1,noise,604
9,900,4,no_noise,292
