prot_id,trial_id,no_targets,noise_present,trajectory_id
3,201,2,no_noise,12
3,202,1,no_noise,59
3,203,2,noise,509
3,204,1,no_noise,216
3,205,2,no_noise,54
3,206,1,noise,753
3,207,4,noise,539
3,208,2,no_noise,648
3,209,1,no_noise,799
3,210,2,noise,736
3,211,4,noise,171
3,212,4,noise,716
3,213,2,noise,888
3,214,1,noise,504
3,215,1,no_noise,372
3,216,1,noise,540
3,217,2,noise,229
3,218,2,no_noise,312
3,219,4,noise,880
3,220,4,noise,92
3,221,1,noise,829
3,222,1,noise,724
3,223,2,noise,387
3,224,1,noise,314
3,225,1,noise,738
3,226,4,noise,416
3,227,1,noise,495
3,228,4,noise,144
3,229,2,noise,491
3,230,2,no_noise,140
3,231,2,no_noise,835
3,232,2,no_noise,603
3,233,2,noise,279
3,234,4,noise,848
3,235,1,noise,582
3,236,2,noise,317
3,237,1,noise,219
3,238,2,no_noise,288
3,239,4,noise,576
3,240,2,noise,401
3,241,4,noise,515
3,242,1,noise,482
3,243,2,no_noise,681
3,244,1,noise,575
3,245,4,no_noise,336
3,246,2,noise,270
3,247,2,no_noise,197
3,248,1,no_noise,758
3,249,2,noise,565
3,250,4,no_noise,775
3,251,4,no_noise,894
3,252,4,noise,99
3,253,4,noise,637
3,254,4,no_noise,75
3,255,1,no_noise,679
3,256,1,no_noise,709
3,257,2,no_noise,608
3,258,2,no_noise,876
3,259,1,noise,671
3,260,2,noise,502
3,261,4,noise,508
3,262,4,no_noise,51
3,263,4,no_noise,870
3,264,4,noise,116
3,265,2,noise,814
3,266,2,no_noise,810
3,267,4,noise,364
3,268,2,noise,672
3,269,2,noise,22
3,270,1,noise,357
3,271,1,no_noise,280
3,272,4,noise,788
3,273,1,noise,687
3,274,4,noise,282
3,275,2,noise,657
3,276,2,no_noise,815
3,277,1,no_noise,131
3,278,4,no_noise,688
3,279,1,no_noise,903
3,280,4,noise,225
3,281,4,no_noise,698
3,282,2,noise,844
3,283,4,no_noise,521
3,284,2,noise,88
3,285,2,no_noise,220
3,286,4,no_noise,517
3,287,2,no_noise,424
3,288,1,noise,879
3,289,4,noise,395
3,290,2,noise,264
3,291,2,no_noise,821
3,292,4,noise,168
3,293,1,noise,469
3,294,4,no_noise,819
3,295,2,no_noise,121
3,296,1,noise,247
3,297,2,no_noise,683
3,298,1,noise,686
3,299,4,no_noise,579
3,300,1,no_noise,240
