prot_id,trial_id,no_targets,noise_present,trajectory_id
6,501,2,no_noise,249
6,502,4,no_noise,893
6,503,4,noise,127
6,504,4,no_noise,860
6,505,1,noise,67
6,506,1,noise,653
6,507,4,no_noise,464
6,508,1,no_noise,303
6,509,4,no_noise,703
6,510,4,no_noise,139
6,511,4,noise,730
6,512,2,noise,228
6,513,1,no_noise,638
6,514,1,no_noise,559
6,515,1,no_noise,211
6,516,4,no_noise,417
6,517,1,noise,886
6,518,4,no_noise,793
6,519,2,noise,646
6,520,4,no_noise,87
6,521,1,no_noise,185
6,522,1,noise,511
6,523,2,noise,326
6,524,2,no_noise,243
6,525,4,noise,825
6,526,4,no_noise,123
6,527,2,noise,206
6,528,1,no_noise,409
6,529,4,no_noise,779
6,530,4,noise,402
6,531,2,no_noise,374
6,532,4,noise,71
6,533,2,noise,117
6,534,2,no_noise,133
6,535,1,no_noise,898
6,536,2,no_noise,777
6,537,1,noise,375
6,538,2,noise,11
6,539,2,noise,406
6,540,1,no_noise,543
6,541,2,noise,77
6,542,1,no_noise,455
6,543,4,noise,892
6,544,1,no_noise,147
6,545,1,noise,568
6,546,2,no_noise,386
6,547,4,noise,901
6,548,1,no_noise,630
6,549,4,no_noise,794
6,550,2,no_noise,328
6,551,2,noise,615
6,552,4,noise,901
6,553,1,noise,403
6,554,1,no_noise,613
6,555,1,noise,96
6,556,1,noise,474
6,557,4,no_noise,324
6,558,4,no_noise,840
6,559,2,no_noise,590
6,560,1,noise,790
6,561,1,noise,204
6,562,2,noise,891
6,563,4,noise,536
6,564,1,noise,873
6,565,1,no_noise,37
6,566,4,noise,263
6,567,2,no_noise,62
6,568,4,noise,617
6,569,1,noise,190
6,570,2,noise,218
6,571,2,noise,784
6,572,4,no_noise,182
6,573,1,noise,269
6,574,1,noise,173
6,575,4,noise,47
6,576,1,noise,398
6,577,2,no_noise,578
6,578,2,noise,851
6,579,4,noise,662
6,580,1,noise,331
6,581,2,noise,660
6,582,4,no_noise,513
6,583,2,no_noise,690
6,584,2,noise,94
6,585,1,noise,785
6,586,1,noise,748
6,587,1,noise,447
6,588,1,noise,471
6,589,2,noise,805
6,590,2,noise,180
6,591,4,noise,507
6,592,4,noise,128
6,593,4,noise,532
6,594,2,noise,165
6,595,2,noise,278
6,596,2,no_noise,757
6,597,1,noise,376
6,598,2,no_noise,343
6,599,1,no_noise,199
6,600,1,noise,56
