prot_id,trial_id,no_targets,noise_present,trajectory_id
2,101,2,no_noise,445
2,102,1,noise,115
2,103,2,no_noise,564
2,104,2,noise,207
2,105,4,noise,384
2,106,2,noise,90
2,107,2,noise,551
2,108,2,no_noise,831
2,109,2,noise,172
2,110,1,no_noise,670
2,111,1,noise,271
2,112,2,noise,239
2,113,1,noise,378
2,114,4,no_noise,405
2,115,2,no_noise,626
2,116,4,no_noise,623
2,117,4,noise,570
2,118,2,no_noise,19
2,119,4,no_noise,245
2,120,4,noise,106
2,121,1,noise,904
2,122,2,no_noise,473
2,123,1,noise,448
2,124,4,no_noise,769
2,125,1,noise,170
2,126,2,noise,113
2,127,4,noise,215
2,128,1,no_noise,84
2,129,4,noise,636
2,130,1,noise,609
2,131,2,noise,782
2,132,1,no_noise,69
2,133,1,no_noise,254
2,134,4,no_noise,691
2,135,2,noise,859
2,136,2,noise,167
2,137,4,noise,408
2,138,1,noise,632
2,139,1,no_noise,749
2,140,4,noise,95
2,141,4,noise,289
2,142,4,noise,339
2,143,2,noise,481
2,144,4,noise,764
2,145,4,no_noise,675
2,146,4,no_noise,633
2,147,1,no_noise,584
2,148,1,no_noise,152
2,149,2,no_noise,883
2,150,2,noise,423
2,151,4,no_noise,166
2,152,4,noise,807
2,153,1,no_noise,488
2,154,1,no_noise,284
2,155,4,noise,396
2,156,2,noise,107
2,157,4,no_noise,519
2,158,4,noise,747
2,159,1,no_noise,83
2,160,4,no_noise,544
2,161,2,no_noise,246
2,162,4,no_noise,349
2,163,1,noise,66
2,164,2,no_noise,801
2,165,1,no_noise,329
2,166,4,no_noise,642
2,167,2,no_noise,762
2,168,4,no_noise,65
2,169,4,noise,528
2,170,1,no_noise,842
2,171,4,noise,597
2,172,2,noise,526
2,173,2,no_noise,856
2,174,1,no_noise,554
2,175,2,no_noise,644
2,176,2,noise,492
2,177,2,no_noise,547
2,178,4,noise,351
2,179,1,no_noise,208
2,180,4,no_noise,251
2,181,1,noise,362
2,182,4,noise,895
2,183,4,noise,820
2,184,2,noise,877
2,185,2,noise,301
2,186,4,noise,383
2,187,1,noise,823
2,188,2,noise,752
2,189,2,noise,394
2,190,4,noise,132
2,191,4,no_noise,311
2,192,2,noise,857
2,193,4,noise,804
2,194,2,noise,723
2,195,1,no_noise,572
2,196,1,noise,373
2,197,4,no_noise,787
2,198,2,noise,371
2,199,4,no_noise,862
2,200,4,noise,101
