prot_id,trial_id,no_targets,noise_present,trajectory_id
5,401,1,no_noise,514
5,402,2,noise,899
5,403,1,noise,85
5,404,1,no_noise,454
5,405,4,noise,659
5,406,1,noise,72
5,407,2,no_noise,498
5,408,4,noise,314
5,409,4,no_noise,233
5,410,1,noise,223
5,411,1,noise,297
5,412,4,no_noise,236
5,413,2,noise,604
5,414,2,noise,640
5,415,1,no_noise,271
5,416,1,no_noise,430
5,417,1,no_noise,838
5,418,1,noise,117
5,419,2,noise,866
5,420,1,noise,440
5,421,1,noise,56
5,422,4,noise,46
5,423,1,noise,80
5,424,1,noise,804
5,425,1,noise,275
5,426,1,noise,121
5,427,4,no_noise,653
5,428,4,no_noise,507
5,429,1,no_noise,641
5,430,1,no_noise,802
5,431,2,no_noise,870
5,432,2,no_noise,43
5,433,2,noise,601
5,434,4,no_noise,582
5,435,4,noise,591
5,436,4,noise,169
5,437,4,no_noise,906
5,438,1,no_noise,218
5,439,1,noise,258
5,440,1,no_noise,511
5,441,1,noise,897
5,442,1,no_noise,890
5,443,4,noise,878
5,444,4,noise,156
5,445,2,no_noise,763
5,446,1,noise,616
5,447,4,noise,624
5,448,4,no_noise,206
5,449,2,no_noise,9
5,450,1,no_noise,168
5,451,2,noise,801
5,452,4,noise,558
5,453,2,noise,376
5,454,2,no_noise,701
5,455,2,noise,200
5,456,2,noise,145
5,457,2,noise,342
5,458,1,no_noise,785
5,459,2,no_noise,410
5,460,1,no_noise,52
5,461,1,no_noise,573
5,462,2,noise,864
5,463,2,no_noise,328
5,464,4,noise,134
5,465,4,noise,34
5,466,4,noise,500
5,467,2,noise,108
5,468,1,no_noise,820
5,469,1,no_noise,478
5,470,2,no_noise,8
5,471,4,noise,795
5,472,4,noise,317
5,473,1,no_noise,331
5,474,1,noise,45
5,475,1,no_noise,522
5,476,4,no_noise,720
5,477,2,noise,662
5,478,4,noise,771
5,479,2,noise,705
5,480,1,noise,770
5,481,4,noise,300
5,482,4,noise,38
5,483,4,noise,865
5,484,1,noise,736
5,485,1,no_noise,759
5,486,2,no_noise,125
5,487,2,noise,30
5,488,2,no_noise,633
5,489,1,no_noise,541
5,490,1,no_noise,269
5,491,2,noise,692
5,492,4,noise,447
5,493,2,noise,528
5,494,4,no_noise,151
5,495,2,noise,141
5,496,4,noise,24
5,497,4,no_noise,296
5,498,4,no_noise,861
5,499,2,no_noise,542
5,500,1,no_noise,380
