prot_id,trial_id,no_targets,noise_present,trajectory_id
1,1,4,no_noise,817
1,2,4,no_noise,533
1,3,2,noise,649
1,4,4,noise,153
1,5,4,no_noise,188
1,6,2,no_noise,416
1,7,2,no_noise,86
1,8,4,noise,502
1,9,2,noise,299
1,10,1,no_noise,367
1,11,4,no_noise,74
1,12,2,no_noise,159
1,13,1,noise,32
1,14,2,no_noise,744
1,15,2,no_noise,310
1,16,4,noise,791
1,17,2,no_noise,186
1,18,2,noise,824
1,19,2,no_noise,212
1,20,4,noise,428
1,21,4,no_noise,234
1,22,2,noise,902
1,23,4,noise,304
1,24,2,no_noise,173
1,25,2,no_noise,217
1,26,4,noise,49
1,27,4,no_noise,735
1,28,2,no_noise,689
1,29,2,noise,819
1,30,2,noise,112
1,31,1,noise,62
1,32,2,no_noise,293
1,33,1,noise,821
1,34,1,no_noise,374
1,35,4,noise,357
1,36,2,noise,712
1,37,4,noise,707
1,38,2,no_noise,765
1,39,1,noise,642
1,40,1,noise,320
1,41,2,no_noise,251
1,42,2,no_noise,58
1,43,2,noise,362
1,44,2,noise,126
1,45,4,no_noise,805
1,46,4,noise,834
1,47,1,noise,620
1,48,1,noise,66
1,49,1,noise,750
1,50,1,no_noise,404
1,51,4,no_noise,675
1,52,4,no_noise,199
1,53,1,noise,405
1,54,2,noise,192
1,55,2,no_noise,424
1,56,4,noise,160
1,57,4,no_noise,322
1,58,4,noise,42
1,59,1,no_noise,843
1,60,1,noise,60
1,61,1,no_noise,811
1,62,1,noise,524
1,63,2,no_noise,130
1,64,2,noise,677
1,65,2,noise,103
1,66,2,noise,901
1,67,1,noise,797
1,68,4,noise,337
1,69,2,noise,87
1,70,1,no_noise,208
1,71,1,noise,325
1,72,1,no_noise,18
1,73,1,no_noise,348
1,74,4,noise,555
1,75,1,no_noise,608
1,76,2,no_noise,16
1,77,1,no_noise,564
1,78,4,no_noise,228
1,79,2,no_noise,629
1,80,1,noise,644
1,81,4,noise,778
1,82,4,no_noise,397
1,83,2,noise,283
1,84,1,no_noise,774
1,85,2,no_noise,389
1,86,4,no_noise,685
1,87,1,noise,313
1,88,2,no_noise,494
1,89,1,noise,829
1,90,2,noise,669
1,91,1,noise,887
1,92,2,no_noise,115
1,93,1,noise,598
1,94,4,no_noise,639
1,95,2,noise,285
1,96,4,no_noise,202
1,97,4,no_noise,289
1,98,1,noise,144
1,99,4,noise,905
1,100,1,no_noise,523
