prot_id,trial_id,no_targets,noise_present,trajectory_id
7,601,1,noise,321
7,602,4,noise,719
7,603,2,no_noise,909
7,604,1,no_noise,89
7,605,1,noise,476
7,606,4,no_noise,431
7,607,1,noise,711
7,608,1,noise,818
7,609,4,noise,739
7,610,2,noise,336
7,611,1,noise,593
7,612,2,noise,257
7,613,2,noise,47
7,614,4,noise,276
7,615,1,noise,361
7,616,2,noise,308
7,617,4,no_noise,621
7,618,2,noise,312
7,619,2,no_noise,658
7,620,2,no_noise,652
7,621,1,no_noise,408
7,622,4,noise,351
7,623,1,noise,678
7,624,4,no_noise,343
7,625,4,noise,529
7,626,4,no_noise,388
7,627,2,no_noise,516
7,628,2,noise,433
7,629,4,noise,101
7,630,2,no_noise,783
7,631,2,no_noise,521
7,632,1,noise,793
7,633,4,noise,757
7,634,2,no_noise,668
7,635,1,no_noise,762
7,636,2,noise,281
7,637,2,noise,232
7,638,4,noise,462
7,639,1,noise,721
7,640,4,noise,254
7,641,1,no_noise,842
7,642,4,no_noise,150
7,643,4,no_noise,432
7,644,4,noise,350
7,645,4,noise,474
7,646,2,noise,484
7,647,1,no_noise,445
7,648,2,no_noise,279
7,649,1,noise,352
7,650,1,noise,246
7,651,1,noise,792
7,652,1,noise,881
7,653,1,noise,383
7,654,2,noise,686
7,655,4,no_noise,229
7,656,1,no_noise,789
7,657,1,no_noise,326
7,658,1,no_noise,688
7,659,2,no_noise,847
7,660,4,no_noise,48
7,661,4,no_noise,746
7,662,2,noise,549
7,663,1,noise,799
7,664,4,no_noise,772
7,665,4,no_noise,896
7,666,2,noise,605
7,667,1,noise,526
7,668,4,noise,33
7,669,1,noise,903
7,670,1,no_noise,266
7,671,2,no_noise,587
7,672,1,noise,879
7,673,2,noise,214
7,674,1,no_noise,452
7,675,2,no_noise,21
7,676,1,noise,316
7,677,4,noise,237
7,678,2,noise,35
7,679,1,no_noise,437
7,680,1,noise,382
7,681,2,no_noise,492
7,682,2,no_noise,748
7,683,1,noise,442
7,684,4,no_noise,51
7,685,4,noise,532
7,686,4,noise,220
7,687,4,noise,419
7,688,4,no_noise,427
7,689,2,noise,306
7,690,2,no_noise,100
7,691,2,no_noise,648
7,692,2,no_noise,800
7,693,2,no_noise,603
7,694,1,noise,96
7,695,2,no_noise,131
7,696,4,no_noise,84
7,697,2,no_noise,723
7,698,4,noise,120
7,699,2,noise,725
7,700,4,no_noise,457
