prot_id,trial_id,no_targets,noise_present,trajectory_id
3,201,2,noise,525
3,202,4,noise,497
3,203,2,noise,57
3,204,4,noise,92
3,205,1,noise,905
3,206,2,noise,449
3,207,1,noise,278
3,208,1,no_noise,754
3,209,4,no_noise,175
3,210,1,noise,722
3,211,1,noise,305
3,212,1,no_noise,602
3,213,4,no_noise,375
3,214,2,noise,238
3,215,1,noise,94
3,216,1,no_noise,11
3,217,4,no_noise,458
3,218,2,noise,742
3,219,1,noise,681
3,220,1,no_noise,222
3,221,1,noise,693
3,222,2,no_noise,803
3,223,4,no_noise,370
3,224,1,no_noise,796
3,225,4,noise,893
3,226,2,no_noise,755
3,227,4,no_noise,54
3,228,4,no_noise,753
3,229,1,no_noise,163
3,230,2,no_noise,61
3,231,4,no_noise,344
3,232,4,noise,205
3,233,1,noise,406
3,234,4,no_noise,496
3,235,4,no_noise,806
3,236,2,no_noise,544
3,237,4,no_noise,738
3,238,4,no_noise,638
3,239,1,no_noise,7
3,240,2,no_noise,203
3,241,2,no_noise,517
3,242,4,no_noise,862
3,243,1,no_noise,839
3,244,4,no_noise,399
3,245,4,noise,113
3,246,4,no_noise,729
3,247,4,no_noise,572
3,248,1,noise,726
3,249,2,no_noise,422
3,250,2,no_noise,832
3,251,4,noise,327
3,252,1,no_noise,50
3,253,4,no_noise,298
3,254,4,no_noise,875
3,255,1,noise,105
3,256,4,no_noise,798
3,257,4,noise,358
3,258,1,noise,91
3,259,1,no_noise,782
3,260,2,no_noise,12
3,261,4,no_noise,81
3,262,2,no_noise,694
3,263,4,noise,272
3,264,2,no_noise,161
3,265,4,noise,78
3,266,2,noise,277
3,267,1,no_noise,171
3,268,1,no_noise,210
3,269,2,no_noise,627
3,270,2,noise,537
3,271,2,noise,756
3,272,4,no_noise,295
3,273,2,no_noise,133
3,274,2,noise,448
3,275,2,noise,76
3,276,2,noise,109
3,277,2,no_noise,574
3,278,1,no_noise,490
3,279,1,noise,665
3,280,4,noise,381
3,281,1,no_noise,508
3,282,4,no_noise,852
3,283,1,noise,191
3,284,1,noise,239
3,285,4,no_noise,614
3,286,2,noise,83
3,287,4,noise,211
3,288,4,noise,315
3,289,4,no_noise,751
3,290,2,noise,690
3,291,1,no_noise,450
3,292,2,noise,910
3,293,2,no_noise,781
3,294,4,noise,467
3,295,4,no_noise,245
3,296,2,noise,446
3,297,2,no_noise,226
3,298,1,noise,503
3,299,1,no_noise,154
3,300,1,noise,65
