prot_id,trial_id,no_targets,noise_present,trajectory_id
6,501,2,noise,837
6,502,2,no_noise,667
6,503,1,no_noise,575
6,504,1,no_noise,249
6,505,4,noise,142
6,506,2,no_noise,274
6,507,4,no_noise,551
6,508,4,no_noise,559
6,509,2,no_noise,859
6,510,1,no_noise,578
6,511,2,noise,880
6,512,2,noise,451
6,513,1,noise,64
6,514,2,no_noise,114
6,515,2,no_noise,444
6,516,4,noise,443
6,517,1,noise,696
6,518,2,no_noise,479
6,519,1,noise,353
6,520,4,no_noise,335
6,521,4,no_noise,268
6,522,1,no_noise,612
6,523,1,no_noise,676
6,524,4,noise,858
6,525,4,no_noise,560
6,526,4,noise,540
6,527,2,noise,403
6,528,1,noise,73
6,529,2,no_noise,566
6,530,4,no_noise,857
6,531,4,no_noise,413
6,532,4,noise,717
6,533,1,no_noise,636
6,534,4,noise,499
6,535,1,no_noise,664
6,536,1,noise,429
6,537,4,no_noise,349
6,538,1,noise,635
6,539,4,no_noise,372
6,540,1,noise,550
6,541,2,no_noise,808
6,542,2,noise,734
6,543,4,noise,393
6,544,2,no_noise,584
6,545,1,no_noise,170
6,546,2,no_noise,346
6,547,4,no_noise,637
6,548,1,no_noise,13
6,549,4,noise,418
6,550,2,noise,360
6,551,4,no_noise,79
6,552,1,noise,615
6,553,1,no_noise,807
6,554,1,noise,611
6,555,4,noise,661
6,556,1,no_noise,488
6,557,1,no_noise,347
6,558,4,no_noise,698
6,559,1,no_noise,400
6,560,2,noise,189
6,561,2,noise,505
6,562,2,noise,28
6,563,1,no_noise,902
6,564,1,no_noise,766
6,565,2,no_noise,364
6,566,4,noise,19
6,567,2,noise,31
6,568,4,noise,656
6,569,2,no_noise,82
6,570,4,no_noise,282
6,571,1,no_noise,911
6,572,1,noise,10
6,573,2,no_noise,98
6,574,2,noise,111
6,575,4,noise,409
6,576,2,noise,302
6,577,1,no_noise,338
6,578,1,noise,265
6,579,2,no_noise,489
6,580,4,noise,116
6,581,4,no_noise,868
6,582,1,no_noise,873
6,583,2,noise,423
6,584,4,noise,227
6,585,4,no_noise,607
6,586,1,no_noise,567
6,587,2,no_noise,155
6,588,4,no_noise,459
6,589,4,noise,882
6,590,1,no_noise,461
6,591,2,noise,563
6,592,1,no_noise,683
6,593,2,noise,384
6,594,4,no_noise,632
6,595,1,no_noise,148
6,596,1,no_noise,571
6,597,1,noise,184
6,598,2,noise,129
6,599,4,no_noise,368
6,600,1,no_noise,552
