prot_id,trial_id,no_targets,noise_present,trajectory_id
4,301,2,no_noise,898
4,302,2,no_noise,323
4,303,4,no_noise,487
4,304,4,noise,600
4,305,1,no_noise,813
4,306,1,no_noise,247
4,307,2,no_noise,104
4,308,4,no_noise,889
4,309,2,no_noise,697
4,310,1,no_noise,768
4,311,4,no_noise,421
4,312,1,noise,848
4,313,2,noise,15
4,314,1,noise,828
4,315,4,noise,679
4,316,4,noise,162
4,317,4,noise,836
4,318,2,no_noise,244
4,319,4,noise,398
4,320,2,noise,39
4,321,4,no_noise,660
4,322,1,noise,745
4,323,2,no_noise,787
4,324,2,noise,553
4,325,2,no_noise,291
4,326,2,noise,850
4,327,2,no_noise,417
4,328,4,noise,292
4,329,2,no_noise,548
4,330,4,no_noise,22
4,331,1,noise,158
4,332,1,noise,93
4,333,4,no_noise,252
4,334,4,no_noise,704
4,335,2,noise,733
4,336,1,noise,355
4,337,4,noise,110
4,338,1,no_noise,390
4,339,4,noise,371
4,340,4,no_noise,88
4,341,2,no_noise,132
4,342,4,noise,204
4,343,2,noise,520
4,344,2,noise,481
4,345,4,no_noise,194
4,346,1,noise,294
4,347,2,no_noise,180
4,348,1,noise,157
4,349,4,noise,213
4,350,2,no_noise,147
4,351,4,no_noise,846
4,352,4,no_noise,235
4,353,1,noise,625
4,354,1,no_noise,179
4,355,1,noise,613
4,356,2,no_noise,901
4,357,4,no_noise,590
4,358,4,noise,538
4,359,2,no_noise,618
4,360,1,noise,90
4,361,2,noise,329
4,362,4,no_noise,456
4,363,2,noise,814
4,364,4,noise,825
4,365,2,noise,17
4,366,2,noise,311
4,367,1,noise,373
4,368,1,no_noise,886
4,369,1,no_noise,891
4,370,4,noise,809
4,371,4,no_noise,794
4,372,1,no_noise,231
4,373,2,no_noise,464
4,374,1,noise,340
4,375,2,noise,577
4,376,4,no_noise,570
4,377,1,noise,473
4,378,1,noise,769
4,379,2,noise,589
4,380,4,no_noise,630
4,381,2,noise,471
4,382,4,no_noise,853
4,383,4,no_noise,472
4,384,1,noise,906
4,385,4,noise,242
4,386,1,no_noise,483
4,387,2,no_noise,588
4,388,4,no_noise,647
4,389,2,no_noise,287
4,390,4,noise,543
4,391,2,no_noise,363
4,392,1,noise,747
4,393,1,noise,713
4,394,1,noise,187
4,395,4,noise,128
4,396,4,no_noise,225
4,397,2,no_noise,855
4,398,4,noise,307
4,399,2,noise,392
4,400,1,no_noise,378
