prot_id,trial_id,no_targets,noise_present,trajectory_id
8,701,4,noise,585
8,702,1,noise,460
8,703,2,noise,854
8,704,1,no_noise,198
8,705,1,noise,230
8,706,2,no_noise,628
8,707,4,noise,869
8,708,1,noise,332
8,709,4,no_noise,369
8,710,4,noise,894
8,711,4,no_noise,318
8,712,2,no_noise,892
8,713,2,noise,509
8,714,1,noise,709
8,715,4,noise,333
8,716,2,no_noise,284
8,717,2,noise,831
8,718,4,noise,695
8,719,2,no_noise,379
8,720,1,noise,63
8,721,1,noise,425
8,722,1,no_noise,482
8,723,1,noise,784
8,724,4,noise,396
8,725,2,noise,730
8,726,4,no_noise,531
8,727,2,no_noise,69
8,728,1,no_noise,185
8,729,4,noise,703
8,730,1,no_noise,122
8,731,2,noise,671
8,732,2,noise,527
8,733,2,no_noise,359
8,734,1,no_noise,680
8,735,1,noise,55
8,736,2,noise,907
8,737,2,noise,119
8,738,2,no_noise,776
8,739,1,no_noise,177
8,740,4,no_noise,20
8,741,4,noise,123
8,742,2,noise,749
8,743,2,no_noise,510
8,744,1,noise,645
8,745,1,no_noise,569
8,746,2,noise,415
8,747,1,noise,53
8,748,1,no_noise,767
8,749,2,noise,562
8,750,2,no_noise,255
8,751,2,noise,29
8,752,2,no_noise,599
8,753,1,noise,267
8,754,1,no_noise,97
8,755,4,noise,596
8,756,4,noise,622
8,757,1,no_noise,401
8,758,4,no_noise,682
8,759,4,no_noise,377
8,760,1,noise,303
8,761,4,noise,835
8,762,4,no_noise,554
8,763,2,noise,67
8,764,2,noise,737
8,765,1,noise,547
8,766,1,no_noise,118
8,767,2,noise,77
8,768,2,noise,657
8,769,2,noise,149
8,770,4,noise,495
8,771,4,noise,426
8,772,4,noise,752
8,773,2,noise,453
8,774,1,noise,666
8,775,2,no_noise,530
8,776,4,noise,486
8,777,1,no_noise,700
8,778,2,noise,480
8,779,4,no_noise,280
8,780,2,no_noise,262
8,781,2,noise,714
8,782,2,noise,506
8,783,4,noise,435
8,784,1,no_noise,710
8,785,4,no_noise,706
8,786,4,noise,407
8,787,1,noise,877
8,788,2,no_noise,565
8,789,1,no_noise,136
8,790,1,no_noise,99
8,791,4,noise,224
8,792,1,no_noise,885
8,793,1,noise,655
8,794,2,no_noise,504
8,795,1,no_noise,319
8,796,4,no_noise,402
8,797,4,no_noise,777
8,798,1,no_noise,646
8,799,2,no_noise,25
8,800,1,no_noise,576
