prot_id,trial_id,no_targets,noise_present,trajectory_id
9,801,2,noise,761
9,802,2,noise,727
9,803,1,no_noise,167
9,804,1,noise,439
9,805,1,no_noise,176
9,806,1,no_noise,535
9,807,4,noise,779
9,808,1,no_noise,672
9,809,1,no_noise,816
9,810,2,no_noise,651
9,811,1,noise,594
9,812,4,no_noise,595
9,813,4,noise,394
9,814,1,no_noise,670
9,815,4,noise,871
9,816,4,no_noise,619
9,817,2,noise,455
9,818,2,no_noise,240
9,819,1,noise,617
9,820,1,noise,780
9,821,4,noise,872
9,822,4,no_noise,140
9,823,2,no_noise,385
9,824,1,no_noise,465
9,825,2,no_noise,810
9,826,4,no_noise,270
9,827,4,noise,786
9,828,4,no_noise,718
9,829,2,noise,841
9,830,2,no_noise,758
9,831,4,noise,545
9,832,4,no_noise,904
9,833,4,noise,716
9,834,1,no_noise,221
9,835,4,no_noise,581
9,836,4,noise,261
9,837,1,no_noise,273
9,838,2,noise,903
9,839,2,no_noise,773
9,840,1,noise,309
9,841,4,no_noise,37
9,842,4,noise,463
9,843,2,noise,673
9,844,1,noise,146
9,845,4,noise,485
9,846,1,noise,301
9,847,4,no_noise,387
9,848,2,no_noise,849
9,849,4,no_noise,288
9,850,4,noise,334
9,851,2,noise,166
9,852,1,no_noise,534
9,853,4,no_noise,263
9,854,1,noise,71
9,855,4,no_noise,731
9,856,2,no_noise,197
9,857,1,noise,477
9,858,4,no_noise,663
9,859,2,no_noise,209
9,860,2,noise,248
9,861,1,noise,568
9,862,1,noise,580
9,863,1,no_noise,356
9,864,2,noise,174
9,865,2,noise,138
9,866,2,no_noise,579
9,867,2,no_noise,330
9,868,2,noise,623
9,869,4,noise,193
9,870,4,no_noise,830
9,871,4,no_noise,609
9,872,1,noise,41
9,873,4,no_noise,250
9,874,4,no_noise,546
9,875,2,no_noise,143
9,876,2,noise,823
9,877,2,no_noise,556
9,878,4,noise,172
9,879,1,no_noise,822
9,880,1,no_noise,107
9,881,4,no_noise,135
9,882,2,no_noise,164
9,883,2,no_noise,44
9,884,2,no_noise,441
9,885,1,noise,691
9,886,4,no_noise,606
9,887,2,noise,243
9,888,2,no_noise,586
9,889,4,noise,139
9,890,4,no_noise,95
9,891,1,no_noise,365
9,892,4,noise,519
9,893,2,noise,867
9,894,4,noise,23
9,895,1,no_noise,468
9,896,1,noise,215
9,897,1,noise,740
9,898,1,no_noise,40
9,899,1,no_noise,207
9,900,4,noise,844
