prot_id,trial_id,no_targets,noise_present,trajectory_id
2,101,2,noise,732
2,102,2,no_noise,724
2,103,4,no_noise,290
2,104,1,noise,14
2,105,2,no_noise,536
2,106,2,no_noise,592
2,107,1,no_noise,851
2,108,1,noise,904
2,109,4,no_noise,324
2,110,2,noise,339
2,111,2,noise,728
2,112,2,no_noise,775
2,113,2,noise,788
2,114,2,no_noise,501
2,115,2,noise,127
2,116,4,noise,895
2,117,2,no_noise,36
2,118,1,no_noise,219
2,119,2,noise,469
2,120,4,noise,812
2,121,2,noise,137
2,122,1,no_noise,539
2,123,4,no_noise,856
2,124,1,no_noise,27
2,125,4,noise,743
2,126,1,no_noise,845
2,127,2,noise,840
2,128,4,noise,684
2,129,4,noise,182
2,130,1,noise,815
2,131,4,noise,634
2,132,2,noise,386
2,133,4,no_noise,874
2,134,4,noise,195
2,135,2,no_noise,165
2,136,2,no_noise,411
2,137,2,noise,493
2,138,4,noise,216
2,139,1,no_noise,741
2,140,1,no_noise,59
2,141,2,noise,366
2,142,1,no_noise,790
2,143,1,noise,391
2,144,1,noise,884
2,145,1,noise,900
2,146,4,noise,597
2,147,1,noise,876
2,148,1,noise,256
2,149,4,noise,515
2,150,4,no_noise,395
2,151,2,no_noise,354
2,152,1,no_noise,201
2,153,2,noise,561
2,154,2,noise,860
2,155,2,noise,518
2,156,2,no_noise,345
2,157,4,no_noise,124
2,158,1,noise,181
2,159,4,no_noise,70
2,160,4,noise,491
2,161,4,no_noise,152
2,162,4,no_noise,883
2,163,1,no_noise,610
2,164,1,no_noise,414
2,165,4,no_noise,259
2,166,4,noise,908
2,167,4,noise,68
2,168,1,no_noise,699
2,169,4,noise,178
2,170,2,noise,687
2,171,2,no_noise,470
2,172,2,no_noise,436
2,173,2,noise,341
2,174,2,no_noise,475
2,175,1,no_noise,260
2,176,4,noise,674
2,177,4,no_noise,715
2,178,2,noise,196
2,179,4,noise,466
2,180,4,no_noise,264
2,181,2,no_noise,512
2,182,4,noise,626
2,183,2,noise,833
2,184,1,no_noise,708
2,185,2,no_noise,654
2,186,4,no_noise,764
2,187,1,noise,420
2,188,4,noise,190
2,189,2,no_noise,631
2,190,4,no_noise,75
2,191,1,no_noise,760
2,192,1,noise,102
2,193,4,no_noise,650
2,194,1,noise,253
2,195,1,no_noise,513
2,196,1,no_noise,557
2,197,1,noise,583
2,198,1,no_noise,827
2,199,1,noise,106
2,200,1,no_noise,888
